timestamp,event_type,run_id,session_id,group_id,agent_instance_id,data
2026-05-18T14:09:07.791893+00:00,facilitator_call,simple_pgg_20260518T140902Z_xaji0y,simple_pgg_20260518T140902Z_xaji0y_s1,simple_pgg_20260518T140902Z_xaji0y_s1_task1_r1_g1,,"{""prompt_type"": ""FACILITATOR"", ""prompt_name"": ""total_contribution"", ""module"": ""task1"", ""round"": 1, ""rendered_prompt"": ""Calculate the total number of tokens contributed to the public account in this round using the following formula:\nPlayer 1's contribution to public account in this round + Player 2's contribution to public account in this round\nRespond with only the resulting nunber without providing any explanations."", ""response"": ""10""}"
2026-05-18T14:09:08.914462+00:00,facilitator_call,simple_pgg_20260518T140902Z_xaji0y,simple_pgg_20260518T140902Z_xaji0y_s1,simple_pgg_20260518T140902Z_xaji0y_s1_task1_r1_g1,simple_pgg_20260518T140902Z_xaji0y_1,"{""prompt_type"": ""FACILITATOR"", ""prompt_name"": ""public_account_earnings"", ""module"": ""task1"", ""round"": 1, ""rendered_prompt"": ""Calculate Player ID 1's earnings from the public account this round using the following formula:\n(10 × 2) ÷ 2\nRespond with only the resulting number without providing any explanations."", ""response"": ""10""}"
2026-05-18T14:09:09.988433+00:00,facilitator_call,simple_pgg_20260518T140902Z_xaji0y,simple_pgg_20260518T140902Z_xaji0y_s1,simple_pgg_20260518T140902Z_xaji0y_s1_task1_r1_g1,simple_pgg_20260518T140902Z_xaji0y_3,"{""prompt_type"": ""FACILITATOR"", ""prompt_name"": ""public_account_earnings"", ""module"": ""task1"", ""round"": 1, ""rendered_prompt"": ""Calculate Player ID 3's earnings from the public account this round using the following formula:\n(10 × 2) ÷ 2\nRespond with only the resulting number without providing any explanations."", ""response"": ""10""}"
2026-05-18T14:09:11.221302+00:00,facilitator_call,simple_pgg_20260518T140902Z_xaji0y,simple_pgg_20260518T140902Z_xaji0y_s1,simple_pgg_20260518T140902Z_xaji0y_s1_task1_r1_g1,simple_pgg_20260518T140902Z_xaji0y_1,"{""prompt_type"": ""FACILITATOR"", ""prompt_name"": ""private_account_remaining"", ""module"": ""task1"", ""round"": 1, ""rendered_prompt"": ""Calculate Player ID 1's remaining private tokens this round using the following formula:\n10 − 5\nRespond with only the resulting number without any explanations."", ""response"": ""5""}"
2026-05-18T14:09:12.174508+00:00,facilitator_call,simple_pgg_20260518T140902Z_xaji0y,simple_pgg_20260518T140902Z_xaji0y_s1,simple_pgg_20260518T140902Z_xaji0y_s1_task1_r1_g1,simple_pgg_20260518T140902Z_xaji0y_3,"{""prompt_type"": ""FACILITATOR"", ""prompt_name"": ""private_account_remaining"", ""module"": ""task1"", ""round"": 1, ""rendered_prompt"": ""Calculate Player ID 3's remaining private tokens this round using the following formula:\n10 − 5\nRespond with only the resulting number without any explanations."", ""response"": ""5""}"
2026-05-18T14:09:13.347739+00:00,facilitator_call,simple_pgg_20260518T140902Z_xaji0y,simple_pgg_20260518T140902Z_xaji0y_s1,simple_pgg_20260518T140902Z_xaji0y_s1_task1_r1_g1,simple_pgg_20260518T140902Z_xaji0y_1,"{""prompt_type"": ""FACILITATOR"", ""prompt_name"": ""total_earnings"", ""module"": ""task1"", ""round"": 1, ""rendered_prompt"": ""Calculate Player ID 1's total earnings this round using the following formula:\n10 + 5\nRespond with only the resulting number without any explanations."", ""response"": ""15""}"
2026-05-18T14:09:16.393080+00:00,facilitator_call,simple_pgg_20260518T140902Z_xaji0y,simple_pgg_20260518T140902Z_xaji0y_s1,simple_pgg_20260518T140902Z_xaji0y_s1_task1_r1_g1,simple_pgg_20260518T140902Z_xaji0y_3,"{""prompt_type"": ""FACILITATOR"", ""prompt_name"": ""total_earnings"", ""module"": ""task1"", ""round"": 1, ""rendered_prompt"": ""Calculate Player ID 3's total earnings this round using the following formula:\n10 + 5\nRespond with only the resulting number without any explanations."", ""response"": ""15""}"
2026-05-18T14:09:19.888414+00:00,facilitator_call,simple_pgg_20260518T140902Z_xaji0y,simple_pgg_20260518T140902Z_xaji0y_s1,simple_pgg_20260518T140902Z_xaji0y_s1_task1_r1_g2,,"{""prompt_type"": ""FACILITATOR"", ""prompt_name"": ""total_contribution"", ""module"": ""task1"", ""round"": 1, ""rendered_prompt"": ""Calculate the total number of tokens contributed to the public account in this round using the following formula:\nPlayer 1's contribution to public account in this round + Player 2's contribution to public account in this round\nRespond with only the resulting nunber without providing any explanations."", ""response"": ""10""}"
2026-05-18T14:09:20.902772+00:00,facilitator_call,simple_pgg_20260518T140902Z_xaji0y,simple_pgg_20260518T140902Z_xaji0y_s1,simple_pgg_20260518T140902Z_xaji0y_s1_task1_r1_g2,simple_pgg_20260518T140902Z_xaji0y_2,"{""prompt_type"": ""FACILITATOR"", ""prompt_name"": ""public_account_earnings"", ""module"": ""task1"", ""round"": 1, ""rendered_prompt"": ""Calculate Player ID 2's earnings from the public account this round using the following formula:\n(10 × 2) ÷ 2\nRespond with only the resulting number without providing any explanations."", ""response"": ""10""}"
2026-05-18T14:09:21.934495+00:00,facilitator_call,simple_pgg_20260518T140902Z_xaji0y,simple_pgg_20260518T140902Z_xaji0y_s1,simple_pgg_20260518T140902Z_xaji0y_s1_task1_r1_g2,simple_pgg_20260518T140902Z_xaji0y_4,"{""prompt_type"": ""FACILITATOR"", ""prompt_name"": ""public_account_earnings"", ""module"": ""task1"", ""round"": 1, ""rendered_prompt"": ""Calculate Player ID 4's earnings from the public account this round using the following formula:\n(10 × 2) ÷ 2\nRespond with only the resulting number without providing any explanations."", ""response"": ""10""}"
2026-05-18T14:09:23.149553+00:00,facilitator_call,simple_pgg_20260518T140902Z_xaji0y,simple_pgg_20260518T140902Z_xaji0y_s1,simple_pgg_20260518T140902Z_xaji0y_s1_task1_r1_g2,simple_pgg_20260518T140902Z_xaji0y_2,"{""prompt_type"": ""FACILITATOR"", ""prompt_name"": ""private_account_remaining"", ""module"": ""task1"", ""round"": 1, ""rendered_prompt"": ""Calculate Player ID 2's remaining private tokens this round using the following formula:\n10 − 5\nRespond with only the resulting number without any explanations."", ""response"": ""5""}"
2026-05-18T14:09:24.136244+00:00,facilitator_call,simple_pgg_20260518T140902Z_xaji0y,simple_pgg_20260518T140902Z_xaji0y_s1,simple_pgg_20260518T140902Z_xaji0y_s1_task1_r1_g2,simple_pgg_20260518T140902Z_xaji0y_4,"{""prompt_type"": ""FACILITATOR"", ""prompt_name"": ""private_account_remaining"", ""module"": ""task1"", ""round"": 1, ""rendered_prompt"": ""Calculate Player ID 4's remaining private tokens this round using the following formula:\n10 − 5\nRespond with only the resulting number without any explanations."", ""response"": ""5""}"
2026-05-18T14:09:25.164741+00:00,facilitator_call,simple_pgg_20260518T140902Z_xaji0y,simple_pgg_20260518T140902Z_xaji0y_s1,simple_pgg_20260518T140902Z_xaji0y_s1_task1_r1_g2,simple_pgg_20260518T140902Z_xaji0y_2,"{""prompt_type"": ""FACILITATOR"", ""prompt_name"": ""total_earnings"", ""module"": ""task1"", ""round"": 1, ""rendered_prompt"": ""Calculate Player ID 2's total earnings this round using the following formula:\n10 + 5\nRespond with only the resulting number without any explanations."", ""response"": ""15""}"
2026-05-18T14:09:26.360719+00:00,facilitator_call,simple_pgg_20260518T140902Z_xaji0y,simple_pgg_20260518T140902Z_xaji0y_s1,simple_pgg_20260518T140902Z_xaji0y_s1_task1_r1_g2,simple_pgg_20260518T140902Z_xaji0y_4,"{""prompt_type"": ""FACILITATOR"", ""prompt_name"": ""total_earnings"", ""module"": ""task1"", ""round"": 1, ""rendered_prompt"": ""Calculate Player ID 4's total earnings this round using the following formula:\n10 + 5\nRespond with only the resulting number without any explanations."", ""response"": ""15""}"
2026-05-18T14:09:30.632678+00:00,facilitator_call,simple_pgg_20260518T140902Z_xaji0y,simple_pgg_20260518T140902Z_xaji0y_s1,simple_pgg_20260518T140902Z_xaji0y_s1_task1_r2_g1,,"{""prompt_type"": ""FACILITATOR"", ""prompt_name"": ""total_contribution"", ""module"": ""task1"", ""round"": 2, ""rendered_prompt"": ""Calculate the total number of tokens contributed to the public account in this round using the following formula:\nPlayer 1's contribution to public account in this round + Player 2's contribution to public account in this round\nRespond with only the resulting nunber without providing any explanations."", ""response"": ""10""}"
2026-05-18T14:09:31.803044+00:00,facilitator_call,simple_pgg_20260518T140902Z_xaji0y,simple_pgg_20260518T140902Z_xaji0y_s1,simple_pgg_20260518T140902Z_xaji0y_s1_task1_r2_g1,simple_pgg_20260518T140902Z_xaji0y_1,"{""prompt_type"": ""FACILITATOR"", ""prompt_name"": ""public_account_earnings"", ""module"": ""task1"", ""round"": 2, ""rendered_prompt"": ""Calculate Player ID 1's earnings from the public account this round using the following formula:\n(10 × 2) ÷ 2\nRespond with only the resulting number without providing any explanations."", ""response"": ""10""}"
2026-05-18T14:09:32.794849+00:00,facilitator_call,simple_pgg_20260518T140902Z_xaji0y,simple_pgg_20260518T140902Z_xaji0y_s1,simple_pgg_20260518T140902Z_xaji0y_s1_task1_r2_g1,simple_pgg_20260518T140902Z_xaji0y_3,"{""prompt_type"": ""FACILITATOR"", ""prompt_name"": ""public_account_earnings"", ""module"": ""task1"", ""round"": 2, ""rendered_prompt"": ""Calculate Player ID 3's earnings from the public account this round using the following formula:\n(10 × 2) ÷ 2\nRespond with only the resulting number without providing any explanations."", ""response"": ""10""}"
2026-05-18T14:09:34.006380+00:00,facilitator_call,simple_pgg_20260518T140902Z_xaji0y,simple_pgg_20260518T140902Z_xaji0y_s1,simple_pgg_20260518T140902Z_xaji0y_s1_task1_r2_g1,simple_pgg_20260518T140902Z_xaji0y_1,"{""prompt_type"": ""FACILITATOR"", ""prompt_name"": ""private_account_remaining"", ""module"": ""task1"", ""round"": 2, ""rendered_prompt"": ""Calculate Player ID 1's remaining private tokens this round using the following formula:\n10 − 4\nRespond with only the resulting number without any explanations."", ""response"": ""6""}"
2026-05-18T14:09:35.323897+00:00,facilitator_call,simple_pgg_20260518T140902Z_xaji0y,simple_pgg_20260518T140902Z_xaji0y_s1,simple_pgg_20260518T140902Z_xaji0y_s1_task1_r2_g1,simple_pgg_20260518T140902Z_xaji0y_3,"{""prompt_type"": ""FACILITATOR"", ""prompt_name"": ""private_account_remaining"", ""module"": ""task1"", ""round"": 2, ""rendered_prompt"": ""Calculate Player ID 3's remaining private tokens this round using the following formula:\n10 − 6\nRespond with only the resulting number without any explanations."", ""response"": ""4""}"
2026-05-18T14:09:36.465213+00:00,facilitator_call,simple_pgg_20260518T140902Z_xaji0y,simple_pgg_20260518T140902Z_xaji0y_s1,simple_pgg_20260518T140902Z_xaji0y_s1_task1_r2_g1,simple_pgg_20260518T140902Z_xaji0y_1,"{""prompt_type"": ""FACILITATOR"", ""prompt_name"": ""total_earnings"", ""module"": ""task1"", ""round"": 2, ""rendered_prompt"": ""Calculate Player ID 1's total earnings this round using the following formula:\n10 + 6\nRespond with only the resulting number without any explanations."", ""response"": ""16""}"
2026-05-18T14:09:37.689668+00:00,facilitator_call,simple_pgg_20260518T140902Z_xaji0y,simple_pgg_20260518T140902Z_xaji0y_s1,simple_pgg_20260518T140902Z_xaji0y_s1_task1_r2_g1,simple_pgg_20260518T140902Z_xaji0y_3,"{""prompt_type"": ""FACILITATOR"", ""prompt_name"": ""total_earnings"", ""module"": ""task1"", ""round"": 2, ""rendered_prompt"": ""Calculate Player ID 3's total earnings this round using the following formula:\n10 + 4\nRespond with only the resulting number without any explanations."", ""response"": ""14""}"
2026-05-18T14:09:41.071384+00:00,facilitator_call,simple_pgg_20260518T140902Z_xaji0y,simple_pgg_20260518T140902Z_xaji0y_s1,simple_pgg_20260518T140902Z_xaji0y_s1_task1_r2_g2,,"{""prompt_type"": ""FACILITATOR"", ""prompt_name"": ""total_contribution"", ""module"": ""task1"", ""round"": 2, ""rendered_prompt"": ""Calculate the total number of tokens contributed to the public account in this round using the following formula:\nPlayer 1's contribution to public account in this round + Player 2's contribution to public account in this round\nRespond with only the resulting nunber without providing any explanations."", ""response"": ""10""}"
2026-05-18T14:09:42.686467+00:00,facilitator_call,simple_pgg_20260518T140902Z_xaji0y,simple_pgg_20260518T140902Z_xaji0y_s1,simple_pgg_20260518T140902Z_xaji0y_s1_task1_r2_g2,simple_pgg_20260518T140902Z_xaji0y_2,"{""prompt_type"": ""FACILITATOR"", ""prompt_name"": ""public_account_earnings"", ""module"": ""task1"", ""round"": 2, ""rendered_prompt"": ""Calculate Player ID 2's earnings from the public account this round using the following formula:\n(10 × 2) ÷ 2\nRespond with only the resulting number without providing any explanations."", ""response"": ""10""}"
2026-05-18T14:09:43.647549+00:00,facilitator_call,simple_pgg_20260518T140902Z_xaji0y,simple_pgg_20260518T140902Z_xaji0y_s1,simple_pgg_20260518T140902Z_xaji0y_s1_task1_r2_g2,simple_pgg_20260518T140902Z_xaji0y_4,"{""prompt_type"": ""FACILITATOR"", ""prompt_name"": ""public_account_earnings"", ""module"": ""task1"", ""round"": 2, ""rendered_prompt"": ""Calculate Player ID 4's earnings from the public account this round using the following formula:\n(10 × 2) ÷ 2\nRespond with only the resulting number without providing any explanations."", ""response"": ""10""}"
2026-05-18T14:09:44.667933+00:00,facilitator_call,simple_pgg_20260518T140902Z_xaji0y,simple_pgg_20260518T140902Z_xaji0y_s1,simple_pgg_20260518T140902Z_xaji0y_s1_task1_r2_g2,simple_pgg_20260518T140902Z_xaji0y_2,"{""prompt_type"": ""FACILITATOR"", ""prompt_name"": ""private_account_remaining"", ""module"": ""task1"", ""round"": 2, ""rendered_prompt"": ""Calculate Player ID 2's remaining private tokens this round using the following formula:\n10 − 6\nRespond with only the resulting number without any explanations."", ""response"": ""4""}"
2026-05-18T14:09:45.782834+00:00,facilitator_call,simple_pgg_20260518T140902Z_xaji0y,simple_pgg_20260518T140902Z_xaji0y_s1,simple_pgg_20260518T140902Z_xaji0y_s1_task1_r2_g2,simple_pgg_20260518T140902Z_xaji0y_4,"{""prompt_type"": ""FACILITATOR"", ""prompt_name"": ""private_account_remaining"", ""module"": ""task1"", ""round"": 2, ""rendered_prompt"": ""Calculate Player ID 4's remaining private tokens this round using the following formula:\n10 − 4\nRespond with only the resulting number without any explanations."", ""response"": ""6""}"
2026-05-18T14:09:46.907528+00:00,facilitator_call,simple_pgg_20260518T140902Z_xaji0y,simple_pgg_20260518T140902Z_xaji0y_s1,simple_pgg_20260518T140902Z_xaji0y_s1_task1_r2_g2,simple_pgg_20260518T140902Z_xaji0y_2,"{""prompt_type"": ""FACILITATOR"", ""prompt_name"": ""total_earnings"", ""module"": ""task1"", ""round"": 2, ""rendered_prompt"": ""Calculate Player ID 2's total earnings this round using the following formula:\n10 + 4\nRespond with only the resulting number without any explanations."", ""response"": ""14""}"
2026-05-18T14:09:48.070977+00:00,facilitator_call,simple_pgg_20260518T140902Z_xaji0y,simple_pgg_20260518T140902Z_xaji0y_s1,simple_pgg_20260518T140902Z_xaji0y_s1_task1_r2_g2,simple_pgg_20260518T140902Z_xaji0y_4,"{""prompt_type"": ""FACILITATOR"", ""prompt_name"": ""total_earnings"", ""module"": ""task1"", ""round"": 2, ""rendered_prompt"": ""Calculate Player ID 4's total earnings this round using the following formula:\n10 + 6\nRespond with only the resulting number without any explanations."", ""response"": ""16""}"
2026-05-18T14:09:57.063733+00:00,facilitator_call,simple_pgg_20260518T140902Z_xaji0y,simple_pgg_20260518T140902Z_xaji0y_s1,simple_pgg_20260518T140902Z_xaji0y_s1_task1_r3_g1,,"{""prompt_type"": ""FACILITATOR"", ""prompt_name"": ""total_contribution"", ""module"": ""task1"", ""round"": 3, ""rendered_prompt"": ""Calculate the total number of tokens contributed to the public account in this round using the following formula:\nPlayer 1's contribution to public account in this round + Player 2's contribution to public account in this round\nRespond with only the resulting nunber without providing any explanations."", ""response"": ""10""}"
2026-05-18T14:09:58.265277+00:00,facilitator_call,simple_pgg_20260518T140902Z_xaji0y,simple_pgg_20260518T140902Z_xaji0y_s1,simple_pgg_20260518T140902Z_xaji0y_s1_task1_r3_g1,simple_pgg_20260518T140902Z_xaji0y_1,"{""prompt_type"": ""FACILITATOR"", ""prompt_name"": ""public_account_earnings"", ""module"": ""task1"", ""round"": 3, ""rendered_prompt"": ""Calculate Player ID 1's earnings from the public account this round using the following formula:\n(10 × 2) ÷ 2\nRespond with only the resulting number without providing any explanations."", ""response"": ""10""}"
2026-05-18T14:09:59.896407+00:00,facilitator_call,simple_pgg_20260518T140902Z_xaji0y,simple_pgg_20260518T140902Z_xaji0y_s1,simple_pgg_20260518T140902Z_xaji0y_s1_task1_r3_g1,simple_pgg_20260518T140902Z_xaji0y_3,"{""prompt_type"": ""FACILITATOR"", ""prompt_name"": ""public_account_earnings"", ""module"": ""task1"", ""round"": 3, ""rendered_prompt"": ""Calculate Player ID 3's earnings from the public account this round using the following formula:\n(10 × 2) ÷ 2\nRespond with only the resulting number without providing any explanations."", ""response"": ""10""}"
2026-05-18T14:10:01.236980+00:00,facilitator_call,simple_pgg_20260518T140902Z_xaji0y,simple_pgg_20260518T140902Z_xaji0y_s1,simple_pgg_20260518T140902Z_xaji0y_s1_task1_r3_g1,simple_pgg_20260518T140902Z_xaji0y_1,"{""prompt_type"": ""FACILITATOR"", ""prompt_name"": ""private_account_remaining"", ""module"": ""task1"", ""round"": 3, ""rendered_prompt"": ""Calculate Player ID 1's remaining private tokens this round using the following formula:\n10 − 6\nRespond with only the resulting number without any explanations."", ""response"": ""4""}"
2026-05-18T14:10:02.579167+00:00,facilitator_call,simple_pgg_20260518T140902Z_xaji0y,simple_pgg_20260518T140902Z_xaji0y_s1,simple_pgg_20260518T140902Z_xaji0y_s1_task1_r3_g1,simple_pgg_20260518T140902Z_xaji0y_3,"{""prompt_type"": ""FACILITATOR"", ""prompt_name"": ""private_account_remaining"", ""module"": ""task1"", ""round"": 3, ""rendered_prompt"": ""Calculate Player ID 3's remaining private tokens this round using the following formula:\n10 − 4\nRespond with only the resulting number without any explanations."", ""response"": ""6""}"
2026-05-18T14:10:06.469786+00:00,facilitator_call,simple_pgg_20260518T140902Z_xaji0y,simple_pgg_20260518T140902Z_xaji0y_s1,simple_pgg_20260518T140902Z_xaji0y_s1_task1_r3_g1,simple_pgg_20260518T140902Z_xaji0y_1,"{""prompt_type"": ""FACILITATOR"", ""prompt_name"": ""total_earnings"", ""module"": ""task1"", ""round"": 3, ""rendered_prompt"": ""Calculate Player ID 1's total earnings this round using the following formula:\n10 + 4\nRespond with only the resulting number without any explanations."", ""response"": ""14""}"
2026-05-18T14:10:08.227785+00:00,facilitator_call,simple_pgg_20260518T140902Z_xaji0y,simple_pgg_20260518T140902Z_xaji0y_s1,simple_pgg_20260518T140902Z_xaji0y_s1_task1_r3_g1,simple_pgg_20260518T140902Z_xaji0y_3,"{""prompt_type"": ""FACILITATOR"", ""prompt_name"": ""total_earnings"", ""module"": ""task1"", ""round"": 3, ""rendered_prompt"": ""Calculate Player ID 3's total earnings this round using the following formula:\n10 + 6\nRespond with only the resulting number without any explanations."", ""response"": ""16""}"
2026-05-18T14:10:13.398194+00:00,facilitator_call,simple_pgg_20260518T140902Z_xaji0y,simple_pgg_20260518T140902Z_xaji0y_s1,simple_pgg_20260518T140902Z_xaji0y_s1_task1_r3_g2,,"{""prompt_type"": ""FACILITATOR"", ""prompt_name"": ""total_contribution"", ""module"": ""task1"", ""round"": 3, ""rendered_prompt"": ""Calculate the total number of tokens contributed to the public account in this round using the following formula:\nPlayer 1's contribution to public account in this round + Player 2's contribution to public account in this round\nRespond with only the resulting nunber without providing any explanations."", ""response"": ""11""}"
2026-05-18T14:10:14.566209+00:00,facilitator_call,simple_pgg_20260518T140902Z_xaji0y,simple_pgg_20260518T140902Z_xaji0y_s1,simple_pgg_20260518T140902Z_xaji0y_s1_task1_r3_g2,simple_pgg_20260518T140902Z_xaji0y_2,"{""prompt_type"": ""FACILITATOR"", ""prompt_name"": ""public_account_earnings"", ""module"": ""task1"", ""round"": 3, ""rendered_prompt"": ""Calculate Player ID 2's earnings from the public account this round using the following formula:\n(11 × 2) ÷ 2\nRespond with only the resulting number without providing any explanations."", ""response"": ""11""}"
2026-05-18T14:10:15.784641+00:00,facilitator_call,simple_pgg_20260518T140902Z_xaji0y,simple_pgg_20260518T140902Z_xaji0y_s1,simple_pgg_20260518T140902Z_xaji0y_s1_task1_r3_g2,simple_pgg_20260518T140902Z_xaji0y_4,"{""prompt_type"": ""FACILITATOR"", ""prompt_name"": ""public_account_earnings"", ""module"": ""task1"", ""round"": 3, ""rendered_prompt"": ""Calculate Player ID 4's earnings from the public account this round using the following formula:\n(11 × 2) ÷ 2\nRespond with only the resulting number without providing any explanations."", ""response"": ""11""}"
2026-05-18T14:10:16.845496+00:00,facilitator_call,simple_pgg_20260518T140902Z_xaji0y,simple_pgg_20260518T140902Z_xaji0y_s1,simple_pgg_20260518T140902Z_xaji0y_s1_task1_r3_g2,simple_pgg_20260518T140902Z_xaji0y_2,"{""prompt_type"": ""FACILITATOR"", ""prompt_name"": ""private_account_remaining"", ""module"": ""task1"", ""round"": 3, ""rendered_prompt"": ""Calculate Player ID 2's remaining private tokens this round using the following formula:\n10 − 5\nRespond with only the resulting number without any explanations."", ""response"": ""5""}"
2026-05-18T14:10:17.937282+00:00,facilitator_call,simple_pgg_20260518T140902Z_xaji0y,simple_pgg_20260518T140902Z_xaji0y_s1,simple_pgg_20260518T140902Z_xaji0y_s1_task1_r3_g2,simple_pgg_20260518T140902Z_xaji0y_4,"{""prompt_type"": ""FACILITATOR"", ""prompt_name"": ""private_account_remaining"", ""module"": ""task1"", ""round"": 3, ""rendered_prompt"": ""Calculate Player ID 4's remaining private tokens this round using the following formula:\n10 − 6\nRespond with only the resulting number without any explanations."", ""response"": ""4""}"
2026-05-18T14:10:19.122596+00:00,facilitator_call,simple_pgg_20260518T140902Z_xaji0y,simple_pgg_20260518T140902Z_xaji0y_s1,simple_pgg_20260518T140902Z_xaji0y_s1_task1_r3_g2,simple_pgg_20260518T140902Z_xaji0y_2,"{""prompt_type"": ""FACILITATOR"", ""prompt_name"": ""total_earnings"", ""module"": ""task1"", ""round"": 3, ""rendered_prompt"": ""Calculate Player ID 2's total earnings this round using the following formula:\n11 + 5\nRespond with only the resulting number without any explanations."", ""response"": ""16""}"
2026-05-18T14:10:20.603235+00:00,facilitator_call,simple_pgg_20260518T140902Z_xaji0y,simple_pgg_20260518T140902Z_xaji0y_s1,simple_pgg_20260518T140902Z_xaji0y_s1_task1_r3_g2,simple_pgg_20260518T140902Z_xaji0y_4,"{""prompt_type"": ""FACILITATOR"", ""prompt_name"": ""total_earnings"", ""module"": ""task1"", ""round"": 3, ""rendered_prompt"": ""Calculate Player ID 4's total earnings this round using the following formula:\n11 + 4\nRespond with only the resulting number without any explanations."", ""response"": ""15""}"
