session_id,player_id,agent_instance_id,agent_id,group_id,subsession_id,round_number,module,pgg_quiz_1,pgg_quiz_1_speculation_score,pgg_quiz_2,pgg_quiz_2_speculation_score,pgg_quiz_3,pgg_quiz_3_speculation_score,endowment,decision,decision_speculation_score,public_account_earnings,private_account_remaining,payoff,belief,belief_speculation_score,comments
public_good_experiment_20260518T134422Z_xaji0y_s1,public_good_experiment_20260518T134422Z_xaji0y_1_public_good_experiment_20260518T134422Z_xaji0y_s1_pgg_r1,public_good_experiment_20260518T134422Z_xaji0y_1,1,public_good_experiment_20260518T134422Z_xaji0y_s1_pgg_r1_g1,public_good_experiment_20260518T134422Z_xaji0y_s1_pgg_r1,1,pgg,10,0.0,Equally among all members,0.0,The total tokens in the public account decrease,0.05,13,6,0.2,14.5,7,21.5,,,
public_good_experiment_20260518T134422Z_xaji0y_s1,public_good_experiment_20260518T134422Z_xaji0y_2_public_good_experiment_20260518T134422Z_xaji0y_s1_pgg_r1,public_good_experiment_20260518T134422Z_xaji0y_2,2,public_good_experiment_20260518T134422Z_xaji0y_s1_pgg_r1_g1,public_good_experiment_20260518T134422Z_xaji0y_s1_pgg_r1,1,pgg,10,0.0,Equally among all members,0.0,The total tokens in the public account decrease,0.0,15,6,0.3,14.5,9,23.5,,,
public_good_experiment_20260518T134422Z_xaji0y_s1,public_good_experiment_20260518T134422Z_xaji0y_3_public_good_experiment_20260518T134422Z_xaji0y_s1_pgg_r1,public_good_experiment_20260518T134422Z_xaji0y_3,3,public_good_experiment_20260518T134422Z_xaji0y_s1_pgg_r1_g1,public_good_experiment_20260518T134422Z_xaji0y_s1_pgg_r1,1,pgg,10,0.0,Equally among all members,0.0,Other group members' earnings increase,0.0,14,7,0.3,14.5,7,21.5,,,
public_good_experiment_20260518T134422Z_xaji0y_s1,public_good_experiment_20260518T134422Z_xaji0y_4_public_good_experiment_20260518T134422Z_xaji0y_s1_pgg_r1,public_good_experiment_20260518T134422Z_xaji0y_4,4,public_good_experiment_20260518T134422Z_xaji0y_s1_pgg_r1_g1,public_good_experiment_20260518T134422Z_xaji0y_s1_pgg_r1,1,pgg,10,0.0,Equally among all members,0.0,None of the above,0.0,17,10,0.1,14.5,7,21.5,,,
public_good_experiment_20260518T134422Z_xaji0y_s1,public_good_experiment_20260518T134422Z_xaji0y_5_public_good_experiment_20260518T134422Z_xaji0y_s1_pgg_r1,public_good_experiment_20260518T134422Z_xaji0y_5,5,public_good_experiment_20260518T134422Z_xaji0y_s1_pgg_r1_g2,public_good_experiment_20260518T134422Z_xaji0y_s1_pgg_r1,1,pgg,10,0.0,Equally among all members,0.0,The total tokens in the public account decrease,0.0,17,0,0.1,5,17,22,,,
public_good_experiment_20260518T134422Z_xaji0y_s1,public_good_experiment_20260518T134422Z_xaji0y_6_public_good_experiment_20260518T134422Z_xaji0y_s1_pgg_r1,public_good_experiment_20260518T134422Z_xaji0y_6,6,public_good_experiment_20260518T134422Z_xaji0y_s1_pgg_r1_g2,public_good_experiment_20260518T134422Z_xaji0y_s1_pgg_r1,1,pgg,10,0.0,Equally among all members,0.0,None of the above,0.0,13,0,0.1,5,13,18,,,
public_good_experiment_20260518T134422Z_xaji0y_s1,public_good_experiment_20260518T134422Z_xaji0y_7_public_good_experiment_20260518T134422Z_xaji0y_s1_pgg_r1,public_good_experiment_20260518T134422Z_xaji0y_7,7,public_good_experiment_20260518T134422Z_xaji0y_s1_pgg_r1_g2,public_good_experiment_20260518T134422Z_xaji0y_s1_pgg_r1,1,pgg,10,0.0,Equally among all members,0.0,None of the above,0.0,13,2,0.1,5,11,16,,,
public_good_experiment_20260518T134422Z_xaji0y_s1,public_good_experiment_20260518T134422Z_xaji0y_8_public_good_experiment_20260518T134422Z_xaji0y_s1_pgg_r1,public_good_experiment_20260518T134422Z_xaji0y_8,8,public_good_experiment_20260518T134422Z_xaji0y_s1_pgg_r1_g2,public_good_experiment_20260518T134422Z_xaji0y_s1_pgg_r1,1,pgg,10,0.0,Equally among all members,0.0,None of the above,0.0,11,8,0.2,5,3,8,,,
public_good_experiment_20260518T134422Z_xaji0y_s1,public_good_experiment_20260518T134422Z_xaji0y_9_public_good_experiment_20260518T134422Z_xaji0y_s1_pgg_r1,public_good_experiment_20260518T134422Z_xaji0y_9,9,public_good_experiment_20260518T134422Z_xaji0y_s1_pgg_r1_g3,public_good_experiment_20260518T134422Z_xaji0y_s1_pgg_r1,1,pgg,10,0.0,Equally among all members,0.0,None of the above,0.1,14,6,0.2,13.5,8,21.5,,,
public_good_experiment_20260518T134422Z_xaji0y_s1,public_good_experiment_20260518T134422Z_xaji0y_10_public_good_experiment_20260518T134422Z_xaji0y_s1_pgg_r1,public_good_experiment_20260518T134422Z_xaji0y_10,10,public_good_experiment_20260518T134422Z_xaji0y_s1_pgg_r1_g3,public_good_experiment_20260518T134422Z_xaji0y_s1_pgg_r1,1,pgg,10,0.0,Equally among all members,0.0,The total tokens in the public account decrease,0.05,13,5,0.1,13.5,8,21.5,,,
public_good_experiment_20260518T134422Z_xaji0y_s1,public_good_experiment_20260518T134422Z_xaji0y_11_public_good_experiment_20260518T134422Z_xaji0y_s1_pgg_r1,public_good_experiment_20260518T134422Z_xaji0y_11,11,public_good_experiment_20260518T134422Z_xaji0y_s1_pgg_r1_g3,public_good_experiment_20260518T134422Z_xaji0y_s1_pgg_r1,1,pgg,10,0.0,Equally among all members,0.0,The total tokens in the public account decrease,0.0,16,6,0.2,13.5,10,23.5,,,
public_good_experiment_20260518T134422Z_xaji0y_s1,public_good_experiment_20260518T134422Z_xaji0y_12_public_good_experiment_20260518T134422Z_xaji0y_s1_pgg_r1,public_good_experiment_20260518T134422Z_xaji0y_12,12,public_good_experiment_20260518T134422Z_xaji0y_s1_pgg_r1_g3,public_good_experiment_20260518T134422Z_xaji0y_s1_pgg_r1,1,pgg,10,0.0,Equally among all members,0.0,The total tokens in the public account decrease,0.0,14,10,0.3,13.5,4,17.5,,,
public_good_experiment_20260518T134422Z_xaji0y_s1,public_good_experiment_20260518T134422Z_xaji0y_13_public_good_experiment_20260518T134422Z_xaji0y_s1_pgg_r1,public_good_experiment_20260518T134422Z_xaji0y_13,13,public_good_experiment_20260518T134422Z_xaji0y_s1_pgg_r1_g4,public_good_experiment_20260518T134422Z_xaji0y_s1_pgg_r1,1,pgg,10,0.0,Equally among all members,0.0,None of the above,0.0,17,0,0.0,5.5,17,22.5,,,
public_good_experiment_20260518T134422Z_xaji0y_s1,public_good_experiment_20260518T134422Z_xaji0y_14_public_good_experiment_20260518T134422Z_xaji0y_s1_pgg_r1,public_good_experiment_20260518T134422Z_xaji0y_14,14,public_good_experiment_20260518T134422Z_xaji0y_s1_pgg_r1_g4,public_good_experiment_20260518T134422Z_xaji0y_s1_pgg_r1,1,pgg,10,0.0,Equally among all members,0.0,None of the above,0.0,14,5,0.3,5.5,9,14.5,,,
public_good_experiment_20260518T134422Z_xaji0y_s1,public_good_experiment_20260518T134422Z_xaji0y_15_public_good_experiment_20260518T134422Z_xaji0y_s1_pgg_r1,public_good_experiment_20260518T134422Z_xaji0y_15,15,public_good_experiment_20260518T134422Z_xaji0y_s1_pgg_r1_g4,public_good_experiment_20260518T134422Z_xaji0y_s1_pgg_r1,1,pgg,10,0.0,Equally among all members,0.0,Other group members' earnings increase,0.0,17,0,0.1,5.5,17,22.5,,,
public_good_experiment_20260518T134422Z_xaji0y_s1,public_good_experiment_20260518T134422Z_xaji0y_16_public_good_experiment_20260518T134422Z_xaji0y_s1_pgg_r1,public_good_experiment_20260518T134422Z_xaji0y_16,16,public_good_experiment_20260518T134422Z_xaji0y_s1_pgg_r1_g4,public_good_experiment_20260518T134422Z_xaji0y_s1_pgg_r1,1,pgg,10,0.0,Equally among all members,0.0,The total tokens in the public account decrease,0.0,12,6,0.2,5.5,6,11.5,,,
public_good_experiment_20260518T134422Z_xaji0y_s1,public_good_experiment_20260518T134422Z_xaji0y_17_public_good_experiment_20260518T134422Z_xaji0y_s1_pgg_r1,public_good_experiment_20260518T134422Z_xaji0y_17,17,public_good_experiment_20260518T134422Z_xaji0y_s1_pgg_r1_g5,public_good_experiment_20260518T134422Z_xaji0y_s1_pgg_r1,1,pgg,10,0.0,Equally among all members,0.0,The total tokens in the public account decrease,0.0,12,0,0.05,9.5,12,21.5,,,
public_good_experiment_20260518T134422Z_xaji0y_s1,public_good_experiment_20260518T134422Z_xaji0y_18_public_good_experiment_20260518T134422Z_xaji0y_s1_pgg_r1,public_good_experiment_20260518T134422Z_xaji0y_18,18,public_good_experiment_20260518T134422Z_xaji0y_s1_pgg_r1_g5,public_good_experiment_20260518T134422Z_xaji0y_s1_pgg_r1,1,pgg,10,0.0,Equally among all members,0.0,The total tokens in the public account decrease,0.0,13,7,0.2,9.5,6,15.5,,,
public_good_experiment_20260518T134422Z_xaji0y_s1,public_good_experiment_20260518T134422Z_xaji0y_19_public_good_experiment_20260518T134422Z_xaji0y_s1_pgg_r1,public_good_experiment_20260518T134422Z_xaji0y_19,19,public_good_experiment_20260518T134422Z_xaji0y_s1_pgg_r1_g5,public_good_experiment_20260518T134422Z_xaji0y_s1_pgg_r1,1,pgg,10,0.0,Equally among all members,0.0,None of the above,0.0,11,5,0.2,9.5,6,15.5,,,
public_good_experiment_20260518T134422Z_xaji0y_s1,public_good_experiment_20260518T134422Z_xaji0y_20_public_good_experiment_20260518T134422Z_xaji0y_s1_pgg_r1,public_good_experiment_20260518T134422Z_xaji0y_20,20,public_good_experiment_20260518T134422Z_xaji0y_s1_pgg_r1_g5,public_good_experiment_20260518T134422Z_xaji0y_s1_pgg_r1,1,pgg,10,0.0,Equally among all members,0.0,None of the above,0.0,13,7,0.2,9.5,6,15.5,,,
public_good_experiment_20260518T134422Z_xaji0y_s1,public_good_experiment_20260518T134422Z_xaji0y_21_public_good_experiment_20260518T134422Z_xaji0y_s1_pgg_r1,public_good_experiment_20260518T134422Z_xaji0y_21,21,public_good_experiment_20260518T134422Z_xaji0y_s1_pgg_r1_g6,public_good_experiment_20260518T134422Z_xaji0y_s1_pgg_r1,1,pgg,10,0.0,Equally among all members,0.0,None of the above,0.0,17,0,0.1,5,17,22,,,
public_good_experiment_20260518T134422Z_xaji0y_s1,public_good_experiment_20260518T134422Z_xaji0y_22_public_good_experiment_20260518T134422Z_xaji0y_s1_pgg_r1,public_good_experiment_20260518T134422Z_xaji0y_22,22,public_good_experiment_20260518T134422Z_xaji0y_s1_pgg_r1_g6,public_good_experiment_20260518T134422Z_xaji0y_s1_pgg_r1,1,pgg,10,0.0,Equally among all members,0.0,None of the above,0.0,14,3,0.1,5,11,16,,,
public_good_experiment_20260518T134422Z_xaji0y_s1,public_good_experiment_20260518T134422Z_xaji0y_23_public_good_experiment_20260518T134422Z_xaji0y_s1_pgg_r1,public_good_experiment_20260518T134422Z_xaji0y_23,23,public_good_experiment_20260518T134422Z_xaji0y_s1_pgg_r1_g6,public_good_experiment_20260518T134422Z_xaji0y_s1_pgg_r1,1,pgg,10,0.05,Equally among all members,0.01,None of the above,0.02,14,0,0.05,5,14,19,,,
public_good_experiment_20260518T134422Z_xaji0y_s1,public_good_experiment_20260518T134422Z_xaji0y_24_public_good_experiment_20260518T134422Z_xaji0y_s1_pgg_r1,public_good_experiment_20260518T134422Z_xaji0y_24,24,public_good_experiment_20260518T134422Z_xaji0y_s1_pgg_r1_g6,public_good_experiment_20260518T134422Z_xaji0y_s1_pgg_r1,1,pgg,10,0.0,Equally among all members,0.0,None of the above,0.0,14,7,0.3,5,7,12,,,
public_good_experiment_20260518T134422Z_xaji0y_s1,public_good_experiment_20260518T134422Z_xaji0y_1_public_good_experiment_20260518T134422Z_xaji0y_s1_pgg_r2,public_good_experiment_20260518T134422Z_xaji0y_1,1,public_good_experiment_20260518T134422Z_xaji0y_s1_pgg_r2_g1,public_good_experiment_20260518T134422Z_xaji0y_s1_pgg_r2,2,pgg,,,,,,,12,6,0.0,12.5,6,18.5,7,0.6,
public_good_experiment_20260518T134422Z_xaji0y_s1,public_good_experiment_20260518T134422Z_xaji0y_2_public_good_experiment_20260518T134422Z_xaji0y_s1_pgg_r2,public_good_experiment_20260518T134422Z_xaji0y_2,2,public_good_experiment_20260518T134422Z_xaji0y_s1_pgg_r2_g1,public_good_experiment_20260518T134422Z_xaji0y_s1_pgg_r2,2,pgg,,,,,,,11,6,0.1,12.5,5,17.5,7,0.0,
public_good_experiment_20260518T134422Z_xaji0y_s1,public_good_experiment_20260518T134422Z_xaji0y_3_public_good_experiment_20260518T134422Z_xaji0y_s1_pgg_r2,public_good_experiment_20260518T134422Z_xaji0y_3,3,public_good_experiment_20260518T134422Z_xaji0y_s1_pgg_r2_g1,public_good_experiment_20260518T134422Z_xaji0y_s1_pgg_r2,2,pgg,,,,,,,12,7,0.3,12.5,5,17.5,7,0.3,
public_good_experiment_20260518T134422Z_xaji0y_s1,public_good_experiment_20260518T134422Z_xaji0y_4_public_good_experiment_20260518T134422Z_xaji0y_s1_pgg_r2,public_good_experiment_20260518T134422Z_xaji0y_4,4,public_good_experiment_20260518T134422Z_xaji0y_s1_pgg_r2_g1,public_good_experiment_20260518T134422Z_xaji0y_s1_pgg_r2,2,pgg,,,,,,,11,6,0.2,12.5,5,17.5,7,0.1,
public_good_experiment_20260518T134422Z_xaji0y_s1,public_good_experiment_20260518T134422Z_xaji0y_5_public_good_experiment_20260518T134422Z_xaji0y_s1_pgg_r2,public_good_experiment_20260518T134422Z_xaji0y_5,5,public_good_experiment_20260518T134422Z_xaji0y_s1_pgg_r2_g2,public_good_experiment_20260518T134422Z_xaji0y_s1_pgg_r2,2,pgg,,,,,,,14,0,0.2,6,14,20,3,0.6,
public_good_experiment_20260518T134422Z_xaji0y_s1,public_good_experiment_20260518T134422Z_xaji0y_6_public_good_experiment_20260518T134422Z_xaji0y_s1_pgg_r2,public_good_experiment_20260518T134422Z_xaji0y_6,6,public_good_experiment_20260518T134422Z_xaji0y_s1_pgg_r2_g2,public_good_experiment_20260518T134422Z_xaji0y_s1_pgg_r2,2,pgg,,,,,,,14,3,0.3,6,11,17,3,0.3,
public_good_experiment_20260518T134422Z_xaji0y_s1,public_good_experiment_20260518T134422Z_xaji0y_7_public_good_experiment_20260518T134422Z_xaji0y_s1_pgg_r2,public_good_experiment_20260518T134422Z_xaji0y_7,7,public_good_experiment_20260518T134422Z_xaji0y_s1_pgg_r2_g2,public_good_experiment_20260518T134422Z_xaji0y_s1_pgg_r2,2,pgg,,,,,,,14,2,0.1,6,12,18,3,0.1,
public_good_experiment_20260518T134422Z_xaji0y_s1,public_good_experiment_20260518T134422Z_xaji0y_8_public_good_experiment_20260518T134422Z_xaji0y_s1_pgg_r2,public_good_experiment_20260518T134422Z_xaji0y_8,8,public_good_experiment_20260518T134422Z_xaji0y_s1_pgg_r2_g2,public_good_experiment_20260518T134422Z_xaji0y_s1_pgg_r2,2,pgg,,,,,,,14,7,0.2,6,7,13,3,0.6,
public_good_experiment_20260518T134422Z_xaji0y_s1,public_good_experiment_20260518T134422Z_xaji0y_9_public_good_experiment_20260518T134422Z_xaji0y_s1_pgg_r2,public_good_experiment_20260518T134422Z_xaji0y_9,9,public_good_experiment_20260518T134422Z_xaji0y_s1_pgg_r2_g3,public_good_experiment_20260518T134422Z_xaji0y_s1_pgg_r2,2,pgg,,,,,,,15,6,0.2,13.5,9,22.5,7,0.3,
public_good_experiment_20260518T134422Z_xaji0y_s1,public_good_experiment_20260518T134422Z_xaji0y_10_public_good_experiment_20260518T134422Z_xaji0y_s1_pgg_r2,public_good_experiment_20260518T134422Z_xaji0y_10,10,public_good_experiment_20260518T134422Z_xaji0y_s1_pgg_r2_g3,public_good_experiment_20260518T134422Z_xaji0y_s1_pgg_r2,2,pgg,,,,,,,12,6,0.2,13.5,6,19.5,7,0.05,
public_good_experiment_20260518T134422Z_xaji0y_s1,public_good_experiment_20260518T134422Z_xaji0y_11_public_good_experiment_20260518T134422Z_xaji0y_s1_pgg_r2,public_good_experiment_20260518T134422Z_xaji0y_11,11,public_good_experiment_20260518T134422Z_xaji0y_s1_pgg_r2_g3,public_good_experiment_20260518T134422Z_xaji0y_s1_pgg_r2,2,pgg,,,,,,,17,7,0.3,13.5,10,23.5,7,0.6,
public_good_experiment_20260518T134422Z_xaji0y_s1,public_good_experiment_20260518T134422Z_xaji0y_12_public_good_experiment_20260518T134422Z_xaji0y_s1_pgg_r2,public_good_experiment_20260518T134422Z_xaji0y_12,12,public_good_experiment_20260518T134422Z_xaji0y_s1_pgg_r2_g3,public_good_experiment_20260518T134422Z_xaji0y_s1_pgg_r2,2,pgg,,,,,,,12,8,0.2,13.5,4,17.5,7,0.5,
public_good_experiment_20260518T134422Z_xaji0y_s1,public_good_experiment_20260518T134422Z_xaji0y_13_public_good_experiment_20260518T134422Z_xaji0y_s1_pgg_r2,public_good_experiment_20260518T134422Z_xaji0y_13,13,public_good_experiment_20260518T134422Z_xaji0y_s1_pgg_r2_g4,public_good_experiment_20260518T134422Z_xaji0y_s1_pgg_r2,2,pgg,,,,,,,18,0,0.1,5.5,18,23.5,3,0.1,
public_good_experiment_20260518T134422Z_xaji0y_s1,public_good_experiment_20260518T134422Z_xaji0y_14_public_good_experiment_20260518T134422Z_xaji0y_s1_pgg_r2,public_good_experiment_20260518T134422Z_xaji0y_14,14,public_good_experiment_20260518T134422Z_xaji0y_s1_pgg_r2_g4,public_good_experiment_20260518T134422Z_xaji0y_s1_pgg_r2,2,pgg,,,,,,,19,5,0.2,5.5,14,19.5,3,0.2,
public_good_experiment_20260518T134422Z_xaji0y_s1,public_good_experiment_20260518T134422Z_xaji0y_15_public_good_experiment_20260518T134422Z_xaji0y_s1_pgg_r2,public_good_experiment_20260518T134422Z_xaji0y_15,15,public_good_experiment_20260518T134422Z_xaji0y_s1_pgg_r2_g4,public_good_experiment_20260518T134422Z_xaji0y_s1_pgg_r2,2,pgg,,,,,,,19,0,0.1,5.5,19,24.5,3,0.8,
public_good_experiment_20260518T134422Z_xaji0y_s1,public_good_experiment_20260518T134422Z_xaji0y_16_public_good_experiment_20260518T134422Z_xaji0y_s1_pgg_r2,public_good_experiment_20260518T134422Z_xaji0y_16,16,public_good_experiment_20260518T134422Z_xaji0y_s1_pgg_r2_g4,public_good_experiment_20260518T134422Z_xaji0y_s1_pgg_r2,2,pgg,,,,,,,18,6,0.0,5.5,12,17.5,3,0.8,
public_good_experiment_20260518T134422Z_xaji0y_s1,public_good_experiment_20260518T134422Z_xaji0y_17_public_good_experiment_20260518T134422Z_xaji0y_s1_pgg_r2,public_good_experiment_20260518T134422Z_xaji0y_17,17,public_good_experiment_20260518T134422Z_xaji0y_s1_pgg_r2_g5,public_good_experiment_20260518T134422Z_xaji0y_s1_pgg_r2,2,pgg,,,,,,,16,4,0.2,14.5,12,26.5,5,0.05,
public_good_experiment_20260518T134422Z_xaji0y_s1,public_good_experiment_20260518T134422Z_xaji0y_18_public_good_experiment_20260518T134422Z_xaji0y_s1_pgg_r2,public_good_experiment_20260518T134422Z_xaji0y_18,18,public_good_experiment_20260518T134422Z_xaji0y_s1_pgg_r2_g5,public_good_experiment_20260518T134422Z_xaji0y_s1_pgg_r2,2,pgg,,,,,,,16,7,0.2,14.5,9,23.5,5,0.3,
public_good_experiment_20260518T134422Z_xaji0y_s1,public_good_experiment_20260518T134422Z_xaji0y_19_public_good_experiment_20260518T134422Z_xaji0y_s1_pgg_r2,public_good_experiment_20260518T134422Z_xaji0y_19,19,public_good_experiment_20260518T134422Z_xaji0y_s1_pgg_r2_g5,public_good_experiment_20260518T134422Z_xaji0y_s1_pgg_r2,2,pgg,,,,,,,16,10,0.05,14.5,6,20.5,5,0.1,
public_good_experiment_20260518T134422Z_xaji0y_s1,public_good_experiment_20260518T134422Z_xaji0y_20_public_good_experiment_20260518T134422Z_xaji0y_s1_pgg_r2,public_good_experiment_20260518T134422Z_xaji0y_20,20,public_good_experiment_20260518T134422Z_xaji0y_s1_pgg_r2_g5,public_good_experiment_20260518T134422Z_xaji0y_s1_pgg_r2,2,pgg,,,,,,,14,8,0.0,14.5,6,20.5,5,0.6,
public_good_experiment_20260518T134422Z_xaji0y_s1,public_good_experiment_20260518T134422Z_xaji0y_21_public_good_experiment_20260518T134422Z_xaji0y_s1_pgg_r2,public_good_experiment_20260518T134422Z_xaji0y_21,21,public_good_experiment_20260518T134422Z_xaji0y_s1_pgg_r2_g6,public_good_experiment_20260518T134422Z_xaji0y_s1_pgg_r2,2,pgg,,,,,,,13,0,0.0,4,13,17,3,0.1,
public_good_experiment_20260518T134422Z_xaji0y_s1,public_good_experiment_20260518T134422Z_xaji0y_22_public_good_experiment_20260518T134422Z_xaji0y_s1_pgg_r2,public_good_experiment_20260518T134422Z_xaji0y_22,22,public_good_experiment_20260518T134422Z_xaji0y_s1_pgg_r2_g6,public_good_experiment_20260518T134422Z_xaji0y_s1_pgg_r2,2,pgg,,,,,,,13,2,0.2,4,11,15,3,0.6,
public_good_experiment_20260518T134422Z_xaji0y_s1,public_good_experiment_20260518T134422Z_xaji0y_23_public_good_experiment_20260518T134422Z_xaji0y_s1_pgg_r2,public_good_experiment_20260518T134422Z_xaji0y_23,23,public_good_experiment_20260518T134422Z_xaji0y_s1_pgg_r2_g6,public_good_experiment_20260518T134422Z_xaji0y_s1_pgg_r2,2,pgg,,,,,,,13,0,0.05,4,13,17,3,0.02,
public_good_experiment_20260518T134422Z_xaji0y_s1,public_good_experiment_20260518T134422Z_xaji0y_24_public_good_experiment_20260518T134422Z_xaji0y_s1_pgg_r2,public_good_experiment_20260518T134422Z_xaji0y_24,24,public_good_experiment_20260518T134422Z_xaji0y_s1_pgg_r2_g6,public_good_experiment_20260518T134422Z_xaji0y_s1_pgg_r2,2,pgg,,,,,,,13,6,0.05,4,7,11,3,0.4,
public_good_experiment_20260518T134422Z_xaji0y_s1,public_good_experiment_20260518T134422Z_xaji0y_1_public_good_experiment_20260518T134422Z_xaji0y_s1_pgg_r3,public_good_experiment_20260518T134422Z_xaji0y_1,1,public_good_experiment_20260518T134422Z_xaji0y_s1_pgg_r3_g1,public_good_experiment_20260518T134422Z_xaji0y_s1_pgg_r3,3,pgg,,,,,,,11,6,0.1,12.5,5,17.5,7,0.1,
public_good_experiment_20260518T134422Z_xaji0y_s1,public_good_experiment_20260518T134422Z_xaji0y_2_public_good_experiment_20260518T134422Z_xaji0y_s1_pgg_r3,public_good_experiment_20260518T134422Z_xaji0y_2,2,public_good_experiment_20260518T134422Z_xaji0y_s1_pgg_r3_g1,public_good_experiment_20260518T134422Z_xaji0y_s1_pgg_r3,3,pgg,,,,,,,16,6,0.1,12.5,10,22.5,7,0.0,
public_good_experiment_20260518T134422Z_xaji0y_s1,public_good_experiment_20260518T134422Z_xaji0y_3_public_good_experiment_20260518T134422Z_xaji0y_s1_pgg_r3,public_good_experiment_20260518T134422Z_xaji0y_3,3,public_good_experiment_20260518T134422Z_xaji0y_s1_pgg_r3_g1,public_good_experiment_20260518T134422Z_xaji0y_s1_pgg_r3,3,pgg,,,,,,,16,7,0.3,12.5,9,21.5,7,0.3,
public_good_experiment_20260518T134422Z_xaji0y_s1,public_good_experiment_20260518T134422Z_xaji0y_4_public_good_experiment_20260518T134422Z_xaji0y_s1_pgg_r3,public_good_experiment_20260518T134422Z_xaji0y_4,4,public_good_experiment_20260518T134422Z_xaji0y_s1_pgg_r3_g1,public_good_experiment_20260518T134422Z_xaji0y_s1_pgg_r3,3,pgg,,,,,,,12,6,0.1,12.5,6,18.5,7,0.1,
public_good_experiment_20260518T134422Z_xaji0y_s1,public_good_experiment_20260518T134422Z_xaji0y_5_public_good_experiment_20260518T134422Z_xaji0y_s1_pgg_r3,public_good_experiment_20260518T134422Z_xaji0y_5,5,public_good_experiment_20260518T134422Z_xaji0y_s1_pgg_r3_g2,public_good_experiment_20260518T134422Z_xaji0y_s1_pgg_r3,3,pgg,,,,,,,12,0,0.05,6.5,12,18.5,3,0.0,
public_good_experiment_20260518T134422Z_xaji0y_s1,public_good_experiment_20260518T134422Z_xaji0y_6_public_good_experiment_20260518T134422Z_xaji0y_s1_pgg_r3,public_good_experiment_20260518T134422Z_xaji0y_6,6,public_good_experiment_20260518T134422Z_xaji0y_s1_pgg_r3_g2,public_good_experiment_20260518T134422Z_xaji0y_s1_pgg_r3,3,pgg,,,,,,,14,3,0.2,6.5,11,17.5,3,0.3,
public_good_experiment_20260518T134422Z_xaji0y_s1,public_good_experiment_20260518T134422Z_xaji0y_7_public_good_experiment_20260518T134422Z_xaji0y_s1_pgg_r3,public_good_experiment_20260518T134422Z_xaji0y_7,7,public_good_experiment_20260518T134422Z_xaji0y_s1_pgg_r3_g2,public_good_experiment_20260518T134422Z_xaji0y_s1_pgg_r3,3,pgg,,,,,,,12,2,0.1,6.5,10,16.5,3,0.1,
public_good_experiment_20260518T134422Z_xaji0y_s1,public_good_experiment_20260518T134422Z_xaji0y_8_public_good_experiment_20260518T134422Z_xaji0y_s1_pgg_r3,public_good_experiment_20260518T134422Z_xaji0y_8,8,public_good_experiment_20260518T134422Z_xaji0y_s1_pgg_r3_g2,public_good_experiment_20260518T134422Z_xaji0y_s1_pgg_r3,3,pgg,,,,,,,12,8,0.2,6.5,4,10.5,3,0.0,
public_good_experiment_20260518T134422Z_xaji0y_s1,public_good_experiment_20260518T134422Z_xaji0y_9_public_good_experiment_20260518T134422Z_xaji0y_s1_pgg_r3,public_good_experiment_20260518T134422Z_xaji0y_9,9,public_good_experiment_20260518T134422Z_xaji0y_s1_pgg_r3_g3,public_good_experiment_20260518T134422Z_xaji0y_s1_pgg_r3,3,pgg,,,,,,,12,6,0.2,13,6,19,7,0.0,
public_good_experiment_20260518T134422Z_xaji0y_s1,public_good_experiment_20260518T134422Z_xaji0y_10_public_good_experiment_20260518T134422Z_xaji0y_s1_pgg_r3,public_good_experiment_20260518T134422Z_xaji0y_10,10,public_good_experiment_20260518T134422Z_xaji0y_s1_pgg_r3_g3,public_good_experiment_20260518T134422Z_xaji0y_s1_pgg_r3,3,pgg,,,,,,,17,6,0.2,13,11,24,7,0.05,
public_good_experiment_20260518T134422Z_xaji0y_s1,public_good_experiment_20260518T134422Z_xaji0y_11_public_good_experiment_20260518T134422Z_xaji0y_s1_pgg_r3,public_good_experiment_20260518T134422Z_xaji0y_11,11,public_good_experiment_20260518T134422Z_xaji0y_s1_pgg_r3_g3,public_good_experiment_20260518T134422Z_xaji0y_s1_pgg_r3,3,pgg,,,,,,,11,7,0.2,13,4,17,7,0.1,
public_good_experiment_20260518T134422Z_xaji0y_s1,public_good_experiment_20260518T134422Z_xaji0y_12_public_good_experiment_20260518T134422Z_xaji0y_s1_pgg_r3,public_good_experiment_20260518T134422Z_xaji0y_12,12,public_good_experiment_20260518T134422Z_xaji0y_s1_pgg_r3_g3,public_good_experiment_20260518T134422Z_xaji0y_s1_pgg_r3,3,pgg,,,,,,,17,7,0.3,13,10,23,7,0.5,
public_good_experiment_20260518T134422Z_xaji0y_s1,public_good_experiment_20260518T134422Z_xaji0y_13_public_good_experiment_20260518T134422Z_xaji0y_s1_pgg_r3,public_good_experiment_20260518T134422Z_xaji0y_13,13,public_good_experiment_20260518T134422Z_xaji0y_s1_pgg_r3_g4,public_good_experiment_20260518T134422Z_xaji0y_s1_pgg_r3,3,pgg,,,,,,,16,0,0.05,5.5,16,21.5,3,0.1,
public_good_experiment_20260518T134422Z_xaji0y_s1,public_good_experiment_20260518T134422Z_xaji0y_14_public_good_experiment_20260518T134422Z_xaji0y_s1_pgg_r3,public_good_experiment_20260518T134422Z_xaji0y_14,14,public_good_experiment_20260518T134422Z_xaji0y_s1_pgg_r3_g4,public_good_experiment_20260518T134422Z_xaji0y_s1_pgg_r3,3,pgg,,,,,,,16,5,0.2,5.5,11,16.5,3,0.1,
public_good_experiment_20260518T134422Z_xaji0y_s1,public_good_experiment_20260518T134422Z_xaji0y_15_public_good_experiment_20260518T134422Z_xaji0y_s1_pgg_r3,public_good_experiment_20260518T134422Z_xaji0y_15,15,public_good_experiment_20260518T134422Z_xaji0y_s1_pgg_r3_g4,public_good_experiment_20260518T134422Z_xaji0y_s1_pgg_r3,3,pgg,,,,,,,16,0,0.05,5.5,16,21.5,3,0.1,
public_good_experiment_20260518T134422Z_xaji0y_s1,public_good_experiment_20260518T134422Z_xaji0y_16_public_good_experiment_20260518T134422Z_xaji0y_s1_pgg_r3,public_good_experiment_20260518T134422Z_xaji0y_16,16,public_good_experiment_20260518T134422Z_xaji0y_s1_pgg_r3_g4,public_good_experiment_20260518T134422Z_xaji0y_s1_pgg_r3,3,pgg,,,,,,,15,6,0.2,5.5,9,14.5,3,0.2,
public_good_experiment_20260518T134422Z_xaji0y_s1,public_good_experiment_20260518T134422Z_xaji0y_17_public_good_experiment_20260518T134422Z_xaji0y_s1_pgg_r3,public_good_experiment_20260518T134422Z_xaji0y_17,17,public_good_experiment_20260518T134422Z_xaji0y_s1_pgg_r3_g5,public_good_experiment_20260518T134422Z_xaji0y_s1_pgg_r3,3,pgg,,,,,,,16,4,0.05,14.5,12,26.5,5,0.05,
public_good_experiment_20260518T134422Z_xaji0y_s1,public_good_experiment_20260518T134422Z_xaji0y_18_public_good_experiment_20260518T134422Z_xaji0y_s1_pgg_r3,public_good_experiment_20260518T134422Z_xaji0y_18,18,public_good_experiment_20260518T134422Z_xaji0y_s1_pgg_r3_g5,public_good_experiment_20260518T134422Z_xaji0y_s1_pgg_r3,3,pgg,,,,,,,17,7,0.2,14.5,10,24.5,5,0.3,
public_good_experiment_20260518T134422Z_xaji0y_s1,public_good_experiment_20260518T134422Z_xaji0y_19_public_good_experiment_20260518T134422Z_xaji0y_s1_pgg_r3,public_good_experiment_20260518T134422Z_xaji0y_19,19,public_good_experiment_20260518T134422Z_xaji0y_s1_pgg_r3_g5,public_good_experiment_20260518T134422Z_xaji0y_s1_pgg_r3,3,pgg,,,,,,,14,8,0.2,14.5,6,20.5,5,0.0,
public_good_experiment_20260518T134422Z_xaji0y_s1,public_good_experiment_20260518T134422Z_xaji0y_20_public_good_experiment_20260518T134422Z_xaji0y_s1_pgg_r3,public_good_experiment_20260518T134422Z_xaji0y_20,20,public_good_experiment_20260518T134422Z_xaji0y_s1_pgg_r3_g5,public_good_experiment_20260518T134422Z_xaji0y_s1_pgg_r3,3,pgg,,,,,,,16,10,0.2,14.5,6,20.5,5,0.1,
public_good_experiment_20260518T134422Z_xaji0y_s1,public_good_experiment_20260518T134422Z_xaji0y_21_public_good_experiment_20260518T134422Z_xaji0y_s1_pgg_r3,public_good_experiment_20260518T134422Z_xaji0y_21,21,public_good_experiment_20260518T134422Z_xaji0y_s1_pgg_r3_g6,public_good_experiment_20260518T134422Z_xaji0y_s1_pgg_r3,3,pgg,,,,,,,15,0,0.1,3,15,18,3,0.1,
public_good_experiment_20260518T134422Z_xaji0y_s1,public_good_experiment_20260518T134422Z_xaji0y_22_public_good_experiment_20260518T134422Z_xaji0y_s1_pgg_r3,public_good_experiment_20260518T134422Z_xaji0y_22,22,public_good_experiment_20260518T134422Z_xaji0y_s1_pgg_r3_g6,public_good_experiment_20260518T134422Z_xaji0y_s1_pgg_r3,3,pgg,,,,,,,18,2,0.5,3,16,19,2,0.0,
public_good_experiment_20260518T134422Z_xaji0y_s1,public_good_experiment_20260518T134422Z_xaji0y_23_public_good_experiment_20260518T134422Z_xaji0y_s1_pgg_r3,public_good_experiment_20260518T134422Z_xaji0y_23,23,public_good_experiment_20260518T134422Z_xaji0y_s1_pgg_r3_g6,public_good_experiment_20260518T134422Z_xaji0y_s1_pgg_r3,3,pgg,,,,,,,12,0,0.05,3,12,15,3,0.05,
public_good_experiment_20260518T134422Z_xaji0y_s1,public_good_experiment_20260518T134422Z_xaji0y_24_public_good_experiment_20260518T134422Z_xaji0y_s1_pgg_r3,public_good_experiment_20260518T134422Z_xaji0y_24,24,public_good_experiment_20260518T134422Z_xaji0y_s1_pgg_r3_g6,public_good_experiment_20260518T134422Z_xaji0y_s1_pgg_r3,3,pgg,,,,,,,11,4,0.2,3,7,10,3,0.1,
public_good_experiment_20260518T134422Z_xaji0y_s1,public_good_experiment_20260518T134422Z_xaji0y_1_public_good_experiment_20260518T134422Z_xaji0y_s1_pgg_r4,public_good_experiment_20260518T134422Z_xaji0y_1,1,public_good_experiment_20260518T134422Z_xaji0y_s1_pgg_r4_g1,public_good_experiment_20260518T134422Z_xaji0y_s1_pgg_r4,4,pgg,,,,,,,12,6,0.1,12.5,6,18.5,6,0.2,
public_good_experiment_20260518T134422Z_xaji0y_s1,public_good_experiment_20260518T134422Z_xaji0y_2_public_good_experiment_20260518T134422Z_xaji0y_s1_pgg_r4,public_good_experiment_20260518T134422Z_xaji0y_2,2,public_good_experiment_20260518T134422Z_xaji0y_s1_pgg_r4_g1,public_good_experiment_20260518T134422Z_xaji0y_s1_pgg_r4,4,pgg,,,,,,,12,6,0.1,12.5,6,18.5,6,0.1,
public_good_experiment_20260518T134422Z_xaji0y_s1,public_good_experiment_20260518T134422Z_xaji0y_3_public_good_experiment_20260518T134422Z_xaji0y_s1_pgg_r4,public_good_experiment_20260518T134422Z_xaji0y_3,3,public_good_experiment_20260518T134422Z_xaji0y_s1_pgg_r4_g1,public_good_experiment_20260518T134422Z_xaji0y_s1_pgg_r4,4,pgg,,,,,,,12,7,0.3,12.5,5,17.5,6,0.3,
public_good_experiment_20260518T134422Z_xaji0y_s1,public_good_experiment_20260518T134422Z_xaji0y_4_public_good_experiment_20260518T134422Z_xaji0y_s1_pgg_r4,public_good_experiment_20260518T134422Z_xaji0y_4,4,public_good_experiment_20260518T134422Z_xaji0y_s1_pgg_r4_g1,public_good_experiment_20260518T134422Z_xaji0y_s1_pgg_r4,4,pgg,,,,,,,11,6,0.2,12.5,5,17.5,6,0.1,
public_good_experiment_20260518T134422Z_xaji0y_s1,public_good_experiment_20260518T134422Z_xaji0y_5_public_good_experiment_20260518T134422Z_xaji0y_s1_pgg_r4,public_good_experiment_20260518T134422Z_xaji0y_5,5,public_good_experiment_20260518T134422Z_xaji0y_s1_pgg_r4_g2,public_good_experiment_20260518T134422Z_xaji0y_s1_pgg_r4,4,pgg,,,,,,,15,0,0.05,6.5,15,21.5,3,0.0,
public_good_experiment_20260518T134422Z_xaji0y_s1,public_good_experiment_20260518T134422Z_xaji0y_6_public_good_experiment_20260518T134422Z_xaji0y_s1_pgg_r4,public_good_experiment_20260518T134422Z_xaji0y_6,6,public_good_experiment_20260518T134422Z_xaji0y_s1_pgg_r4_g2,public_good_experiment_20260518T134422Z_xaji0y_s1_pgg_r4,4,pgg,,,,,,,12,3,0.2,6.5,9,15.5,3,0.0,
public_good_experiment_20260518T134422Z_xaji0y_s1,public_good_experiment_20260518T134422Z_xaji0y_7_public_good_experiment_20260518T134422Z_xaji0y_s1_pgg_r4,public_good_experiment_20260518T134422Z_xaji0y_7,7,public_good_experiment_20260518T134422Z_xaji0y_s1_pgg_r4_g2,public_good_experiment_20260518T134422Z_xaji0y_s1_pgg_r4,4,pgg,,,,,,,15,2,0.1,6.5,13,19.5,3,0.0,
public_good_experiment_20260518T134422Z_xaji0y_s1,public_good_experiment_20260518T134422Z_xaji0y_8_public_good_experiment_20260518T134422Z_xaji0y_s1_pgg_r4,public_good_experiment_20260518T134422Z_xaji0y_8,8,public_good_experiment_20260518T134422Z_xaji0y_s1_pgg_r4_g2,public_good_experiment_20260518T134422Z_xaji0y_s1_pgg_r4,4,pgg,,,,,,,15,8,0.2,6.5,7,13.5,3,0.0,
public_good_experiment_20260518T134422Z_xaji0y_s1,public_good_experiment_20260518T134422Z_xaji0y_9_public_good_experiment_20260518T134422Z_xaji0y_s1_pgg_r4,public_good_experiment_20260518T134422Z_xaji0y_9,9,public_good_experiment_20260518T134422Z_xaji0y_s1_pgg_r4_g3,public_good_experiment_20260518T134422Z_xaji0y_s1_pgg_r4,4,pgg,,,,,,,18,6,0.0,13,12,25,7,0.0,
public_good_experiment_20260518T134422Z_xaji0y_s1,public_good_experiment_20260518T134422Z_xaji0y_10_public_good_experiment_20260518T134422Z_xaji0y_s1_pgg_r4,public_good_experiment_20260518T134422Z_xaji0y_10,10,public_good_experiment_20260518T134422Z_xaji0y_s1_pgg_r4_g3,public_good_experiment_20260518T134422Z_xaji0y_s1_pgg_r4,4,pgg,,,,,,,12,6,0.1,13,6,19,7,0.05,
public_good_experiment_20260518T134422Z_xaji0y_s1,public_good_experiment_20260518T134422Z_xaji0y_11_public_good_experiment_20260518T134422Z_xaji0y_s1_pgg_r4,public_good_experiment_20260518T134422Z_xaji0y_11,11,public_good_experiment_20260518T134422Z_xaji0y_s1_pgg_r4_g3,public_good_experiment_20260518T134422Z_xaji0y_s1_pgg_r4,4,pgg,,,,,,,11,7,0.2,13,4,17,7,0.1,
public_good_experiment_20260518T134422Z_xaji0y_s1,public_good_experiment_20260518T134422Z_xaji0y_12_public_good_experiment_20260518T134422Z_xaji0y_s1_pgg_r4,public_good_experiment_20260518T134422Z_xaji0y_12,12,public_good_experiment_20260518T134422Z_xaji0y_s1_pgg_r4_g3,public_good_experiment_20260518T134422Z_xaji0y_s1_pgg_r4,4,pgg,,,,,,,19,7,0.1,13,12,25,7,0.1,
public_good_experiment_20260518T134422Z_xaji0y_s1,public_good_experiment_20260518T134422Z_xaji0y_13_public_good_experiment_20260518T134422Z_xaji0y_s1_pgg_r4,public_good_experiment_20260518T134422Z_xaji0y_13,13,public_good_experiment_20260518T134422Z_xaji0y_s1_pgg_r4_g4,public_good_experiment_20260518T134422Z_xaji0y_s1_pgg_r4,4,pgg,,,,,,,10,0,0.05,5.5,10,15.5,3,0.1,
public_good_experiment_20260518T134422Z_xaji0y_s1,public_good_experiment_20260518T134422Z_xaji0y_14_public_good_experiment_20260518T134422Z_xaji0y_s1_pgg_r4,public_good_experiment_20260518T134422Z_xaji0y_14,14,public_good_experiment_20260518T134422Z_xaji0y_s1_pgg_r4_g4,public_good_experiment_20260518T134422Z_xaji0y_s1_pgg_r4,4,pgg,,,,,,,9,5,0.2,5.5,4,9.5,3,0.2,
public_good_experiment_20260518T134422Z_xaji0y_s1,public_good_experiment_20260518T134422Z_xaji0y_15_public_good_experiment_20260518T134422Z_xaji0y_s1_pgg_r4,public_good_experiment_20260518T134422Z_xaji0y_15,15,public_good_experiment_20260518T134422Z_xaji0y_s1_pgg_r4_g4,public_good_experiment_20260518T134422Z_xaji0y_s1_pgg_r4,4,pgg,,,,,,,13,0,0.05,5.5,13,18.5,3,0.1,
public_good_experiment_20260518T134422Z_xaji0y_s1,public_good_experiment_20260518T134422Z_xaji0y_16_public_good_experiment_20260518T134422Z_xaji0y_s1_pgg_r4,public_good_experiment_20260518T134422Z_xaji0y_16,16,public_good_experiment_20260518T134422Z_xaji0y_s1_pgg_r4_g4,public_good_experiment_20260518T134422Z_xaji0y_s1_pgg_r4,4,pgg,,,,,,,18,6,0.2,5.5,12,17.5,3,0.2,
public_good_experiment_20260518T134422Z_xaji0y_s1,public_good_experiment_20260518T134422Z_xaji0y_17_public_good_experiment_20260518T134422Z_xaji0y_s1_pgg_r4,public_good_experiment_20260518T134422Z_xaji0y_17,17,public_good_experiment_20260518T134422Z_xaji0y_s1_pgg_r4_g5,public_good_experiment_20260518T134422Z_xaji0y_s1_pgg_r4,4,pgg,,,,,,,15,0,0.05,13.5,15,28.5,7,0.05,
public_good_experiment_20260518T134422Z_xaji0y_s1,public_good_experiment_20260518T134422Z_xaji0y_18_public_good_experiment_20260518T134422Z_xaji0y_s1_pgg_r4,public_good_experiment_20260518T134422Z_xaji0y_18,18,public_good_experiment_20260518T134422Z_xaji0y_s1_pgg_r4_g5,public_good_experiment_20260518T134422Z_xaji0y_s1_pgg_r4,4,pgg,,,,,,,16,7,0.2,13.5,9,22.5,7,0.1,
public_good_experiment_20260518T134422Z_xaji0y_s1,public_good_experiment_20260518T134422Z_xaji0y_19_public_good_experiment_20260518T134422Z_xaji0y_s1_pgg_r4,public_good_experiment_20260518T134422Z_xaji0y_19,19,public_good_experiment_20260518T134422Z_xaji0y_s1_pgg_r4_g5,public_good_experiment_20260518T134422Z_xaji0y_s1_pgg_r4,4,pgg,,,,,,,18,9,0.3,13.5,9,22.5,7,0.05,
public_good_experiment_20260518T134422Z_xaji0y_s1,public_good_experiment_20260518T134422Z_xaji0y_20_public_good_experiment_20260518T134422Z_xaji0y_s1_pgg_r4,public_good_experiment_20260518T134422Z_xaji0y_20,20,public_good_experiment_20260518T134422Z_xaji0y_s1_pgg_r4_g5,public_good_experiment_20260518T134422Z_xaji0y_s1_pgg_r4,4,pgg,,,,,,,14,11,0.2,13.5,3,16.5,7,0.1,
public_good_experiment_20260518T134422Z_xaji0y_s1,public_good_experiment_20260518T134422Z_xaji0y_21_public_good_experiment_20260518T134422Z_xaji0y_s1_pgg_r4,public_good_experiment_20260518T134422Z_xaji0y_21,21,public_good_experiment_20260518T134422Z_xaji0y_s1_pgg_r4_g6,public_good_experiment_20260518T134422Z_xaji0y_s1_pgg_r4,4,pgg,,,,,,,12,0,0.1,2.5,12,14.5,2,0.1,
public_good_experiment_20260518T134422Z_xaji0y_s1,public_good_experiment_20260518T134422Z_xaji0y_22_public_good_experiment_20260518T134422Z_xaji0y_s1_pgg_r4,public_good_experiment_20260518T134422Z_xaji0y_22,22,public_good_experiment_20260518T134422Z_xaji0y_s1_pgg_r4_g6,public_good_experiment_20260518T134422Z_xaji0y_s1_pgg_r4,4,pgg,,,,,,,13,2,0.2,2.5,11,13.5,2,0.0,
public_good_experiment_20260518T134422Z_xaji0y_s1,public_good_experiment_20260518T134422Z_xaji0y_23_public_good_experiment_20260518T134422Z_xaji0y_s1_pgg_r4,public_good_experiment_20260518T134422Z_xaji0y_23,23,public_good_experiment_20260518T134422Z_xaji0y_s1_pgg_r4_g6,public_good_experiment_20260518T134422Z_xaji0y_s1_pgg_r4,4,pgg,,,,,,,12,0,0.05,2.5,12,14.5,2,0.02,
public_good_experiment_20260518T134422Z_xaji0y_s1,public_good_experiment_20260518T134422Z_xaji0y_24_public_good_experiment_20260518T134422Z_xaji0y_s1_pgg_r4,public_good_experiment_20260518T134422Z_xaji0y_24,24,public_good_experiment_20260518T134422Z_xaji0y_s1_pgg_r4_g6,public_good_experiment_20260518T134422Z_xaji0y_s1_pgg_r4,4,pgg,,,,,,,13,3,0.2,2.5,10,12.5,2,0.0,
public_good_experiment_20260518T134422Z_xaji0y_s1,public_good_experiment_20260518T134422Z_xaji0y_1_public_good_experiment_20260518T134422Z_xaji0y_s1_pgg_r5,public_good_experiment_20260518T134422Z_xaji0y_1,1,public_good_experiment_20260518T134422Z_xaji0y_s1_pgg_r5_g1,public_good_experiment_20260518T134422Z_xaji0y_s1_pgg_r5,5,pgg,,,,,,,19,6,0.1,12.5,13,25.5,6,0.1,
public_good_experiment_20260518T134422Z_xaji0y_s1,public_good_experiment_20260518T134422Z_xaji0y_2_public_good_experiment_20260518T134422Z_xaji0y_s1_pgg_r5,public_good_experiment_20260518T134422Z_xaji0y_2,2,public_good_experiment_20260518T134422Z_xaji0y_s1_pgg_r5_g1,public_good_experiment_20260518T134422Z_xaji0y_s1_pgg_r5,5,pgg,,,,,,,16,6,0.1,12.5,10,22.5,6,0.1,
public_good_experiment_20260518T134422Z_xaji0y_s1,public_good_experiment_20260518T134422Z_xaji0y_3_public_good_experiment_20260518T134422Z_xaji0y_s1_pgg_r5,public_good_experiment_20260518T134422Z_xaji0y_3,3,public_good_experiment_20260518T134422Z_xaji0y_s1_pgg_r5_g1,public_good_experiment_20260518T134422Z_xaji0y_s1_pgg_r5,5,pgg,,,,,,,16,7,0.1,12.5,9,21.5,6,0.1,
public_good_experiment_20260518T134422Z_xaji0y_s1,public_good_experiment_20260518T134422Z_xaji0y_4_public_good_experiment_20260518T134422Z_xaji0y_s1_pgg_r5,public_good_experiment_20260518T134422Z_xaji0y_4,4,public_good_experiment_20260518T134422Z_xaji0y_s1_pgg_r5_g1,public_good_experiment_20260518T134422Z_xaji0y_s1_pgg_r5,5,pgg,,,,,,,12,6,0.1,12.5,6,18.5,6,0.0,
public_good_experiment_20260518T134422Z_xaji0y_s1,public_good_experiment_20260518T134422Z_xaji0y_5_public_good_experiment_20260518T134422Z_xaji0y_s1_pgg_r5,public_good_experiment_20260518T134422Z_xaji0y_5,5,public_good_experiment_20260518T134422Z_xaji0y_s1_pgg_r5_g2,public_good_experiment_20260518T134422Z_xaji0y_s1_pgg_r5,5,pgg,,,,,,,12,0,0.05,6.5,12,18.5,3,0.05,
public_good_experiment_20260518T134422Z_xaji0y_s1,public_good_experiment_20260518T134422Z_xaji0y_6_public_good_experiment_20260518T134422Z_xaji0y_s1_pgg_r5,public_good_experiment_20260518T134422Z_xaji0y_6,6,public_good_experiment_20260518T134422Z_xaji0y_s1_pgg_r5_g2,public_good_experiment_20260518T134422Z_xaji0y_s1_pgg_r5,5,pgg,,,,,,,14,3,0.2,6.5,11,17.5,3,0.0,
public_good_experiment_20260518T134422Z_xaji0y_s1,public_good_experiment_20260518T134422Z_xaji0y_7_public_good_experiment_20260518T134422Z_xaji0y_s1_pgg_r5,public_good_experiment_20260518T134422Z_xaji0y_7,7,public_good_experiment_20260518T134422Z_xaji0y_s1_pgg_r5_g2,public_good_experiment_20260518T134422Z_xaji0y_s1_pgg_r5,5,pgg,,,,,,,12,2,0.1,6.5,10,16.5,3,0.0,
public_good_experiment_20260518T134422Z_xaji0y_s1,public_good_experiment_20260518T134422Z_xaji0y_8_public_good_experiment_20260518T134422Z_xaji0y_s1_pgg_r5,public_good_experiment_20260518T134422Z_xaji0y_8,8,public_good_experiment_20260518T134422Z_xaji0y_s1_pgg_r5_g2,public_good_experiment_20260518T134422Z_xaji0y_s1_pgg_r5,5,pgg,,,,,,,12,8,0.2,6.5,4,10.5,3,0.0,
public_good_experiment_20260518T134422Z_xaji0y_s1,public_good_experiment_20260518T134422Z_xaji0y_9_public_good_experiment_20260518T134422Z_xaji0y_s1_pgg_r5,public_good_experiment_20260518T134422Z_xaji0y_9,9,public_good_experiment_20260518T134422Z_xaji0y_s1_pgg_r5_g3,public_good_experiment_20260518T134422Z_xaji0y_s1_pgg_r5,5,pgg,,,,,,,11,6,0.2,13,5,18,7,0.1,
public_good_experiment_20260518T134422Z_xaji0y_s1,public_good_experiment_20260518T134422Z_xaji0y_10_public_good_experiment_20260518T134422Z_xaji0y_s1_pgg_r5,public_good_experiment_20260518T134422Z_xaji0y_10,10,public_good_experiment_20260518T134422Z_xaji0y_s1_pgg_r5_g3,public_good_experiment_20260518T134422Z_xaji0y_s1_pgg_r5,5,pgg,,,,,,,17,6,0.05,13,11,24,7,0.05,
public_good_experiment_20260518T134422Z_xaji0y_s1,public_good_experiment_20260518T134422Z_xaji0y_11_public_good_experiment_20260518T134422Z_xaji0y_s1_pgg_r5,public_good_experiment_20260518T134422Z_xaji0y_11,11,public_good_experiment_20260518T134422Z_xaji0y_s1_pgg_r5_g3,public_good_experiment_20260518T134422Z_xaji0y_s1_pgg_r5,5,pgg,,,,,,,18,7,0.2,13,11,24,7,0.1,
public_good_experiment_20260518T134422Z_xaji0y_s1,public_good_experiment_20260518T134422Z_xaji0y_12_public_good_experiment_20260518T134422Z_xaji0y_s1_pgg_r5,public_good_experiment_20260518T134422Z_xaji0y_12,12,public_good_experiment_20260518T134422Z_xaji0y_s1_pgg_r5_g3,public_good_experiment_20260518T134422Z_xaji0y_s1_pgg_r5,5,pgg,,,,,,,17,7,0.1,13,10,23,7,0.1,
public_good_experiment_20260518T134422Z_xaji0y_s1,public_good_experiment_20260518T134422Z_xaji0y_13_public_good_experiment_20260518T134422Z_xaji0y_s1_pgg_r5,public_good_experiment_20260518T134422Z_xaji0y_13,13,public_good_experiment_20260518T134422Z_xaji0y_s1_pgg_r5_g4,public_good_experiment_20260518T134422Z_xaji0y_s1_pgg_r5,5,pgg,,,,,,,11,0,0.05,5.5,11,16.5,3,0.05,
public_good_experiment_20260518T134422Z_xaji0y_s1,public_good_experiment_20260518T134422Z_xaji0y_14_public_good_experiment_20260518T134422Z_xaji0y_s1_pgg_r5,public_good_experiment_20260518T134422Z_xaji0y_14,14,public_good_experiment_20260518T134422Z_xaji0y_s1_pgg_r5_g4,public_good_experiment_20260518T134422Z_xaji0y_s1_pgg_r5,5,pgg,,,,,,,13,5,0.2,5.5,8,13.5,3,0.1,
public_good_experiment_20260518T134422Z_xaji0y_s1,public_good_experiment_20260518T134422Z_xaji0y_15_public_good_experiment_20260518T134422Z_xaji0y_s1_pgg_r5,public_good_experiment_20260518T134422Z_xaji0y_15,15,public_good_experiment_20260518T134422Z_xaji0y_s1_pgg_r5_g4,public_good_experiment_20260518T134422Z_xaji0y_s1_pgg_r5,5,pgg,,,,,,,13,0,0.05,5.5,13,18.5,3,0.2,
public_good_experiment_20260518T134422Z_xaji0y_s1,public_good_experiment_20260518T134422Z_xaji0y_16_public_good_experiment_20260518T134422Z_xaji0y_s1_pgg_r5,public_good_experiment_20260518T134422Z_xaji0y_16,16,public_good_experiment_20260518T134422Z_xaji0y_s1_pgg_r5_g4,public_good_experiment_20260518T134422Z_xaji0y_s1_pgg_r5,5,pgg,,,,,,,13,6,0.2,5.5,7,12.5,3,0.2,
public_good_experiment_20260518T134422Z_xaji0y_s1,public_good_experiment_20260518T134422Z_xaji0y_17_public_good_experiment_20260518T134422Z_xaji0y_s1_pgg_r5,public_good_experiment_20260518T134422Z_xaji0y_17,17,public_good_experiment_20260518T134422Z_xaji0y_s1_pgg_r5_g5,public_good_experiment_20260518T134422Z_xaji0y_s1_pgg_r5,5,pgg,,,,,,,16,0,0.05,13.5,16,29.5,7,0.05,
public_good_experiment_20260518T134422Z_xaji0y_s1,public_good_experiment_20260518T134422Z_xaji0y_18_public_good_experiment_20260518T134422Z_xaji0y_s1_pgg_r5,public_good_experiment_20260518T134422Z_xaji0y_18,18,public_good_experiment_20260518T134422Z_xaji0y_s1_pgg_r5_g5,public_good_experiment_20260518T134422Z_xaji0y_s1_pgg_r5,5,pgg,,,,,,,18,7,0.2,13.5,11,24.5,7,0.1,
public_good_experiment_20260518T134422Z_xaji0y_s1,public_good_experiment_20260518T134422Z_xaji0y_19_public_good_experiment_20260518T134422Z_xaji0y_s1_pgg_r5,public_good_experiment_20260518T134422Z_xaji0y_19,19,public_good_experiment_20260518T134422Z_xaji0y_s1_pgg_r5_g5,public_good_experiment_20260518T134422Z_xaji0y_s1_pgg_r5,5,pgg,,,,,,,14,8,0.05,13.5,6,19.5,7,0.05,
public_good_experiment_20260518T134422Z_xaji0y_s1,public_good_experiment_20260518T134422Z_xaji0y_20_public_good_experiment_20260518T134422Z_xaji0y_s1_pgg_r5,public_good_experiment_20260518T134422Z_xaji0y_20,20,public_good_experiment_20260518T134422Z_xaji0y_s1_pgg_r5_g5,public_good_experiment_20260518T134422Z_xaji0y_s1_pgg_r5,5,pgg,,,,,,,16,12,0.2,13.5,4,17.5,7,0.0,
public_good_experiment_20260518T134422Z_xaji0y_s1,public_good_experiment_20260518T134422Z_xaji0y_21_public_good_experiment_20260518T134422Z_xaji0y_s1_pgg_r5,public_good_experiment_20260518T134422Z_xaji0y_21,21,public_good_experiment_20260518T134422Z_xaji0y_s1_pgg_r5_g6,public_good_experiment_20260518T134422Z_xaji0y_s1_pgg_r5,5,pgg,,,,,,,13,0,0.1,1.5,13,14.5,2,0.0,
public_good_experiment_20260518T134422Z_xaji0y_s1,public_good_experiment_20260518T134422Z_xaji0y_22_public_good_experiment_20260518T134422Z_xaji0y_s1_pgg_r5,public_good_experiment_20260518T134422Z_xaji0y_22,22,public_good_experiment_20260518T134422Z_xaji0y_s1_pgg_r5_g6,public_good_experiment_20260518T134422Z_xaji0y_s1_pgg_r5,5,pgg,,,,,,,13,2,0.1,1.5,11,12.5,2,0.1,
public_good_experiment_20260518T134422Z_xaji0y_s1,public_good_experiment_20260518T134422Z_xaji0y_23_public_good_experiment_20260518T134422Z_xaji0y_s1_pgg_r5,public_good_experiment_20260518T134422Z_xaji0y_23,23,public_good_experiment_20260518T134422Z_xaji0y_s1_pgg_r5_g6,public_good_experiment_20260518T134422Z_xaji0y_s1_pgg_r5,5,pgg,,,,,,,16,0,0.05,1.5,16,17.5,1,0.01,
public_good_experiment_20260518T134422Z_xaji0y_s1,public_good_experiment_20260518T134422Z_xaji0y_24_public_good_experiment_20260518T134422Z_xaji0y_s1_pgg_r5,public_good_experiment_20260518T134422Z_xaji0y_24,24,public_good_experiment_20260518T134422Z_xaji0y_s1_pgg_r5_g6,public_good_experiment_20260518T134422Z_xaji0y_s1_pgg_r5,5,pgg,,,,,,,12,1,0.2,1.5,11,12.5,1,0.0,
public_good_experiment_20260518T134422Z_xaji0y_s1,public_good_experiment_20260518T134422Z_xaji0y_1_public_good_experiment_20260518T134422Z_xaji0y_s1_questionnaire_r1,public_good_experiment_20260518T134422Z_xaji0y_1,1,public_good_experiment_20260518T134422Z_xaji0y_s1_questionnaire_r1_g1,public_good_experiment_20260518T134422Z_xaji0y_s1_questionnaire_r1,1,questionnaire,,,,,,,,,,,,,,,"{""comment"": ""Thanks — the instructions were clear and the task was engaging. I adopted a simple, consistent strategy (keeping 6 tokens each round) to balance private and public payoffs. I noticed the group contributions were fairly stable (around 25 tokens after the first round) and my round earnings varied; the last round’s higher payoff was surprising given the same personal contribution, so I would appreciate clarification on how endowments were assigned each round and how that interacted with the public total. Suggestions: show individual contributions (anonymously) or summary statistics for the group each round, vary the multiplier in some sessions to test sensitivity, and include a brief debrief explaining payoff calculations and an example of final real payout. Overall, it was a well-designed and thought-provoking public-goods task."", ""speculation_score"": 0.20}"
public_good_experiment_20260518T134422Z_xaji0y_s1,public_good_experiment_20260518T134422Z_xaji0y_2_public_good_experiment_20260518T134422Z_xaji0y_s1_questionnaire_r1,public_good_experiment_20260518T134422Z_xaji0y_2,2,public_good_experiment_20260518T134422Z_xaji0y_s1_questionnaire_r1_g2,public_good_experiment_20260518T134422Z_xaji0y_s1_questionnaire_r1,1,questionnaire,,,,,,,,,,,,,,,"{""comment"": ""The instructions and interface were clear and the task was easy to understand. I chose a consistent strategy (contributing 6 tokens each round) to balance personal earnings and the group benefit. Seeing the total group contributions each round was useful, but I would have liked either anonymized individual contributions or the average per-person contribution to better update my expectations about others. Also, varying the multiplier or showing longer-term feedback might reveal richer strategic behavior. Overall the experiment was well designed and not overly long."", ""speculation_score"": 0.2}"
public_good_experiment_20260518T134422Z_xaji0y_s1,public_good_experiment_20260518T134422Z_xaji0y_3_public_good_experiment_20260518T134422Z_xaji0y_s1_questionnaire_r1,public_good_experiment_20260518T134422Z_xaji0y_3,3,public_good_experiment_20260518T134422Z_xaji0y_s1_questionnaire_r1_g3,public_good_experiment_20260518T134422Z_xaji0y_s1_questionnaire_r1,1,questionnaire,,,,,,,,,,,,,,,"{""comment"":""As a participant, the instructions were clear and the mechanics easy to follow. The game highlights the tension between individual incentives and group benefit — I tended to contribute consistently (7 tokens) but saw others’ contributions vary, which made outcomes unpredictable. It would be helpful to show average contribution per person (not just total) and maybe allow brief anonymous messages to coordinate, or to test different multipliers to see how cooperation changes. Overall interesting and well designed for studying cooperative behavior."", ""speculation_score"": 0.2}"
public_good_experiment_20260518T134422Z_xaji0y_s1,public_good_experiment_20260518T134422Z_xaji0y_4_public_good_experiment_20260518T134422Z_xaji0y_s1_questionnaire_r1,public_good_experiment_20260518T134422Z_xaji0y_4,4,public_good_experiment_20260518T134422Z_xaji0y_s1_questionnaire_r1_g4,public_good_experiment_20260518T134422Z_xaji0y_s1_questionnaire_r1,1,questionnaire,,,,,,,,,,,,,,,"{""comment"": ""Overall the instructions were clear and the payoff structure made the social dilemma easy to understand. With a multiplier of 2.0 split among 4 players, contributing is socially beneficial but privately costly (you get only 0.5 back per token you contribute), which explains moderate contributions and stable behavior across rounds. Anonymity and lack of communication limited reciprocity and punishment, so cooperation stayed at a middling level. Suggestions: (1) consider varying the multiplier or group size to test sensitivity to marginal per-capita return, (2) allow limited communication or reputation information in some conditions to see effects on cooperation, and (3) report individual contributions (or anonymized histories) to study reciprocity dynamics. Overall it was a well-designed, clear experiment that captures the classic public-goods tradeoff."", ""speculation_score"": 0.10}"
public_good_experiment_20260518T134422Z_xaji0y_s1,public_good_experiment_20260518T134422Z_xaji0y_5_public_good_experiment_20260518T134422Z_xaji0y_s1_questionnaire_r1,public_good_experiment_20260518T134422Z_xaji0y_5,5,public_good_experiment_20260518T134422Z_xaji0y_s1_questionnaire_r1_g5,public_good_experiment_20260518T134422Z_xaji0y_s1_questionnaire_r1,1,questionnaire,,,,,,,,,,,,,,,"{
  ""comment"": ""Overall the experiment is clear and implements a standard public-goods game with anonymous, repeated interactions. The instructions and payoff calculation were easy to follow; the decimal earnings (e.g., 18.5) make sense because the doubled public contribution is split four ways. My behavior (I contributed 0 each round) reflected the individual incentive structure: with a multiplier of 2.0 and four players, each token I contribute returns only 0.5 to me, so keeping tokens is privately optimal. If the goal is to study cooperation rather than pure free-riding, consider one or more of the following changes: increase the multiplier so multiplier/group_size >= 1 (or at least closer to it) to raise the personal return to contributing; provide the history of individual contributions (not just the group total) to enable reciprocity; allow limited communication or introduce reputation/punishment mechanisms to foster cooperation; or add matching payments/bonuses for collective thresholds. Also clarify whether endowments are reassigned randomly each round (they are) and consider noting how ties/rounding are handled. Overall, a well-designed baseline public-goods setup — my main suggestion is to adjust informational or incentive structures depending on whether you want to encourage contribution or measure baseline free-riding."",
  ""speculation_score"": 0.1
}"
public_good_experiment_20260518T134422Z_xaji0y_s1,public_good_experiment_20260518T134422Z_xaji0y_6_public_good_experiment_20260518T134422Z_xaji0y_s1_questionnaire_r1,public_good_experiment_20260518T134422Z_xaji0y_6,6,public_good_experiment_20260518T134422Z_xaji0y_s1_questionnaire_r1_g6,public_good_experiment_20260518T134422Z_xaji0y_s1_questionnaire_r1,1,questionnaire,,,,,,,,,,,,,,,"{""comment"": ""Overall the instructions were clear and the task is straightforward. The 2.0 multiplier with 4 players creates a strong social-dilemma: each token you keep gives you 1 token, while each token contributed yields only 0.5 to you (2.0 divided by 4). That makes free-riding individually rational, so sustained high contributions are unlikely without communication or enforcement. The repeated rounds and feedback about total contributions can encourage conditional cooperation, but anonymity and no opportunity to communicate or punish reduce the chance of cooperation."", ""personal_experience"": ""I contributed 0 tokens in the first round and then 3 tokens in most subsequent rounds, which felt like a compromise between protecting my private payoff and signaling some willingness to cooperate given the low per-person return on contributions."", ""suggestions"": ""If the goal is to study cooperative behaviour, consider increasing the multiplier (so multiplier/n > 1) or allowing communication/punishment mechanisms. Alternatively, keep the multiplier but vary group size or provide more detailed feedback (e.g., individual contributions) to study reciprocity. Random endowments are useful for variation but consider controlling for perceived fairness in analyses."", ""speculation_score"": 0.2}"
public_good_experiment_20260518T134422Z_xaji0y_s1,public_good_experiment_20260518T134422Z_xaji0y_7_public_good_experiment_20260518T134422Z_xaji0y_s1_questionnaire_r1,public_good_experiment_20260518T134422Z_xaji0y_7,7,public_good_experiment_20260518T134422Z_xaji0y_s1_questionnaire_r1_g7,public_good_experiment_20260518T134422Z_xaji0y_s1_questionnaire_r1,1,questionnaire,,,,,,,,,,,,,,,"{""comment"": ""Clear and well-designed to illustrate the public‑goods/collective action problem. The incentive structure (contribution doubled then shared among four) makes free‑riding individually rational but socially inefficient, which was easy to observe across rounds. I have no ethical concerns; anonymity and repeated interactions are appropriate. A few suggestions: (1) state upfront how tokens convert to real payment, (2) allow a condition with communication or punishment to compare effects on cooperation, and (3) consider a multiplier >4 in a treatment to show when contributing becomes individually optimal. Overall, informative and straightforward."", ""speculation_score"": 0.05}"
public_good_experiment_20260518T134422Z_xaji0y_s1,public_good_experiment_20260518T134422Z_xaji0y_8_public_good_experiment_20260518T134422Z_xaji0y_s1_questionnaire_r1,public_good_experiment_20260518T134422Z_xaji0y_8,8,public_good_experiment_20260518T134422Z_xaji0y_s1_questionnaire_r1_g8,public_good_experiment_20260518T134422Z_xaji0y_s1_questionnaire_r1,1,questionnaire,,,,,,,,,,,,,,,"{""comment"":""Overall the instructions were clear and the example made the payoff structure easy to understand. The task was engaging and felt like a realistic public-good dilemma; my decisions were influenced by the total contributions I observed each round. One limitation: seeing only the group total (not individual contributions) makes it hard to distinguish between uniform cooperation and mixed behaviour—providing anonymous individual contributions would help analyze conditional cooperation. It would also be helpful to know the conversion rate of tokens to real payment and to receive a debrief explaining the study’s hypotheses and expected incentives. Otherwise, a well-designed and understandable experiment."",""speculation_score"":0.1}"
public_good_experiment_20260518T134422Z_xaji0y_s1,public_good_experiment_20260518T134422Z_xaji0y_9_public_good_experiment_20260518T134422Z_xaji0y_s1_questionnaire_r1,public_good_experiment_20260518T134422Z_xaji0y_9,9,public_good_experiment_20260518T134422Z_xaji0y_s1_questionnaire_r1_g9,public_good_experiment_20260518T134422Z_xaji0y_s1_questionnaire_r1,1,questionnaire,,,,,,,,,,,,,,,"{""comment"": ""Clear instructions and easy to follow. I appreciated anonymity and the simple example, but it would help to show explicitly how the public return per person is calculated each round (so participants can check the math). The random endowments made strategy less predictable; consider reporting aggregate behavior (e.g., average contribution by round) in the debrief so participants can see group patterns. Overall an interesting study of cooperation, though the private incentive to keep tokens felt stronger than the personal benefit from contributing."", ""speculation_score"": 0.2}"
public_good_experiment_20260518T134422Z_xaji0y_s1,public_good_experiment_20260518T134422Z_xaji0y_10_public_good_experiment_20260518T134422Z_xaji0y_s1_questionnaire_r1,public_good_experiment_20260518T134422Z_xaji0y_10,10,public_good_experiment_20260518T134422Z_xaji0y_s1_questionnaire_r1_g10,public_good_experiment_20260518T134422Z_xaji0y_s1_questionnaire_r1,1,questionnaire,,,,,,,,,,,,,,,"{""comment"": ""Instructions were clear and the example was helpful. I tended to contribute moderately each round (around 5–6 tokens) — I tried to balance personal earnings with supporting the group because the private return from keeping tokens is higher than the individual return from contributing. Group contributions (~26–27 tokens) felt fairly stable; seeing only the total public contribution made it hard to tell if others were cooperating or free-riding. Suggestions: display the average contribution of the other members (excluding the participant), consider varying the multiplier across rounds to test stronger/weaker cooperation incentives, add a brief comprehension check at the start, and provide a short debrief explaining the social-dilemma dynamics and payment details. Overall it was a straightforward and interesting task."", ""speculation_score"": 0.05}"
public_good_experiment_20260518T134422Z_xaji0y_s1,public_good_experiment_20260518T134422Z_xaji0y_11_public_good_experiment_20260518T134422Z_xaji0y_s1_questionnaire_r1,public_good_experiment_20260518T134422Z_xaji0y_11,11,public_good_experiment_20260518T134422Z_xaji0y_s1_questionnaire_r1_g11,public_good_experiment_20260518T134422Z_xaji0y_s1_questionnaire_r1,1,questionnaire,,,,,,,,,,,,,,,"{""comment"": ""Instructions were clear and the trade-off between private and public tokens was easy to understand. I appreciated the anonymity and repeated interactions with the same group. One minor confusion: I would have liked clearer information about how endowments are assigned each round and whether the multiplier is fixed. Overall it felt like a useful setup to study cooperation."", ""suggestions"": [""Show individual contributions (anonymized) in addition to the group total to allow study of reciprocity and conditional cooperation."", ""Explain endowment assignment and payment conversion to real money more explicitly."", ""Consider varying the multiplier or number of rounds across conditions to test robustness of behavior."", ""Provide a brief summary at the end showing how my decisions compared to group averages.""], ""speculation_score"": 0.2}"
public_good_experiment_20260518T134422Z_xaji0y_s1,public_good_experiment_20260518T134422Z_xaji0y_12_public_good_experiment_20260518T134422Z_xaji0y_s1_questionnaire_r1,public_good_experiment_20260518T134422Z_xaji0y_12,12,public_good_experiment_20260518T134422Z_xaji0y_s1_questionnaire_r1_g12,public_good_experiment_20260518T134422Z_xaji0y_s1_questionnaire_r1,1,questionnaire,,,,,,,,,,,,,,,"{""comment"":""Overall the study is clear and well-designed for eliciting trade-offs between private and collective incentives. Instructions and round feedback (total group contribution, my public earnings, tokens I kept, cumulative earnings) made it easy to learn how choices affect payoffs. The 2.0 multiplier with 4 players creates a strong free-rider incentive (each contributed token yields 0.5 to each player), which is useful for studying cooperation under temptation to defect. Random endowments add realism but make cross-round comparisons harder for participants. Anonymity is appropriate for isolating pure strategy choices, though it removes reputation and communication channels that often sustain cooperation in real settings."",""suggestions"":[""Consider adding experimental conditions that allow communication or costly punishment/reward to examine mechanisms that sustain cooperation."",""Provide optional aggregated information about others’ behavior (e.g., distribution or average of individual contributions) while preserving anonymity to help participants form better expectations."",""If the goal is to test interventions that increase contributions, vary the multiplier or group size so that the marginal per-capita return (MPCR) differs across treatments."",""Include a short comprehension check on the payoff calculation before starting to reduce confusion and ensure consistent understanding.""],""speculation_score"":0.2}"
public_good_experiment_20260518T134422Z_xaji0y_s1,public_good_experiment_20260518T134422Z_xaji0y_13_public_good_experiment_20260518T134422Z_xaji0y_s1_questionnaire_r1,public_good_experiment_20260518T134422Z_xaji0y_13,13,public_good_experiment_20260518T134422Z_xaji0y_s1_questionnaire_r1_g13,public_good_experiment_20260518T134422Z_xaji0y_s1_questionnaire_r1,1,questionnaire,,,,,,,,,,,,,,,"{""comment"": ""Overall the experiment is clear and straightforward: instructions, payoff structure, and round feedback are easy to follow. I appreciate the anonymity and the repeated rounds, which let you observe behavior over time. A few suggestions: (1) Consider showing each agent’s individual contribution history (anonymized) or at least giving participants feedback on their own past contributions — that would help participants learn and adjust strategies. (2) Clarify how endowments are randomly assigned each round (is it uniform?) and whether any demographic or behavioral data will be linked to payments. (3) Report how tokens convert to real payment and the timeline for receiving payment. (4) Include comprehension checks so everyone understands the payoff math before starting. (5) If the goal is to study cooperation, consider varying the multiplier or group size across treatments and adding short questionnaires about motives (e.g., beliefs about others’ contributions, fairness preferences). One observation from the feedback: the total public contribution stayed at 11 across rounds while my total earnings varied, which implies my private-kept tokens changed — I would have liked to see my own contribution explicitly in the feedback. Overall, interesting study with useful real-world implications; improving feedback and transparency about payoffs would increase interpretability and participant engagement."", ""speculation_score"": 0.05}"
public_good_experiment_20260518T134422Z_xaji0y_s1,public_good_experiment_20260518T134422Z_xaji0y_14_public_good_experiment_20260518T134422Z_xaji0y_s1_questionnaire_r1,public_good_experiment_20260518T134422Z_xaji0y_14,14,public_good_experiment_20260518T134422Z_xaji0y_s1_questionnaire_r1_g14,public_good_experiment_20260518T134422Z_xaji0y_s1_questionnaire_r1,1,questionnaire,,,,,,,,,,,,,,,"{""comment"": ""Overall the instructions were clear and the interface was easy to use. A few suggestions: (1) show the starting endowment prominently at the start of each round — I was sometimes unsure how my kept tokens related to the endowment and the reported totals (the reported earnings in some rounds didn’t seem to match my repeated decision to keep 5 tokens, which was confusing); (2) include a brief reminder of the personal vs. group return (private keeps yield 1 per token, public contribution yields 0.5 per token to you) so participants understand incentives; (3) consider adding a confirmation screen before submission and a final debrief showing aggregate behavior and the payment conversion. Otherwise anonymity and the round feedback were fine."", ""speculation_score"": 0.2}"
public_good_experiment_20260518T134422Z_xaji0y_s1,public_good_experiment_20260518T134422Z_xaji0y_15_public_good_experiment_20260518T134422Z_xaji0y_s1_questionnaire_r1,public_good_experiment_20260518T134422Z_xaji0y_15,15,public_good_experiment_20260518T134422Z_xaji0y_s1_questionnaire_r1_g15,public_good_experiment_20260518T134422Z_xaji0y_s1_questionnaire_r1,1,questionnaire,,,,,,,,,,,,,,,"{""comment"":""Overall the instructions were clear and the task illustrated the public‑good tradeoff well: contributing helps the group but reduces your private payoff. A few suggestions: (1) show a round‑by‑round summary of everyone’s contributions (or at least individual breakdowns) so it’s easier to interpret group dynamics; (2) include a short comprehension check to ensure all participants grasp the payoff math; (3) clarify how experimental tokens convert to real payments; and (4) consider testing different multipliers or longer repeated interactions to observe cooperation trends. Otherwise the experiment felt well designed and informative."",""speculation_score"":0.15}"
public_good_experiment_20260518T134422Z_xaji0y_s1,public_good_experiment_20260518T134422Z_xaji0y_16_public_good_experiment_20260518T134422Z_xaji0y_s1_questionnaire_r1,public_good_experiment_20260518T134422Z_xaji0y_16,16,public_good_experiment_20260518T134422Z_xaji0y_s1_questionnaire_r1_g16,public_good_experiment_20260518T134422Z_xaji0y_s1_questionnaire_r1,1,questionnaire,,,,,,,,,,,,,,,"{""comment"": ""Overall the experiment is clear and easy to follow. Instructions about the endowment, the public account multiplier (2.0), and how payoffs are computed were straightforward. One point of confusion: I noticed the group total contribution was 11 tokens in multiple rounds while my reported total earnings changed between rounds—this likely reflects different starting endowments each round, but I would have found it helpful to see my starting endowment displayed explicitly each round so I could more easily verify the calculations. "", ""suggestions"": [""Display each participant's starting endowment for the current round (or at least show my own starting endowment) so payoffs are easier to track and verify."", ""Add a brief practice round with feedback so participants can see how contributions, doubling, and equal division work before real rounds."", ""Consider showing the contribution breakdown by round (my contribution, group total, and resulting per-person public payoff) in one compact summary after each round."", ""If the goal includes measuring how others’ behavior affects choices, consider allowing optional aggregated history of others’ contributions (e.g., average contribution) so participants can adapt strategies based on past behavior.""], ""decision_reasoning"": ""I tended to keep a moderate amount and contribute the rest to balance personal payoff and benefit to the group. Given a multiplier of 2 and equal split among four, contributing a moderate amount can raise the group payoff without fully sacrificing personal tokens."", ""speculation_score"": 0.1}"
public_good_experiment_20260518T134422Z_xaji0y_s1,public_good_experiment_20260518T134422Z_xaji0y_17_public_good_experiment_20260518T134422Z_xaji0y_s1_questionnaire_r1,public_good_experiment_20260518T134422Z_xaji0y_17,17,public_good_experiment_20260518T134422Z_xaji0y_s1_questionnaire_r1_g17,public_good_experiment_20260518T134422Z_xaji0y_s1_questionnaire_r1,1,questionnaire,,,,,,,,,,,,,,,"{""comment"": ""Overall the instructions were clear and the task was straightforward. I appreciated seeing the total group contribution and my earnings each round; that made it easy to adjust my behavior. The payoff structure creates a clear tension between individual and collective incentives, and it would help to show explicitly the per-token return from keeping versus contributing (e.g., total public tokens ×2, divided by 4 = per-person public share) so participants fully understand the incentives. Suggestions: add an optional breakdown of the public-payoff calculation each round, consider allowing a few practice rounds, and clarify how tokens convert to real payment. No major issues otherwise."", ""speculation_score"": 0.05}"
public_good_experiment_20260518T134422Z_xaji0y_s1,public_good_experiment_20260518T134422Z_xaji0y_18_public_good_experiment_20260518T134422Z_xaji0y_s1_questionnaire_r1,public_good_experiment_20260518T134422Z_xaji0y_18,18,public_good_experiment_20260518T134422Z_xaji0y_s1_questionnaire_r1_g18,public_good_experiment_20260518T134422Z_xaji0y_s1_questionnaire_r1,1,questionnaire,,,,,,,,,,,,,,,"{""comment"": ""Overall the instructions and example were clear and the task was straightforward. The design nicely captures the tension between private incentives and collective benefit. Because feedback only showed total group contributions (not individual contributions), it was hard to tell whether low totals reflected a few free-riders or everyone contributing little; providing individual contribution feedback or allowing limited communication could reveal interesting dynamics. I tended to keep my contribution constant across rounds; asking participants to explain their motives after each round would help interpret behavior. It would also be useful to state how tokens convert to real payment up front. No major concerns about fairness or clarity — just suggestions for additional feedback and measures to better understand why people make the choices they do."", ""speculation_score"": 0.2}"
public_good_experiment_20260518T134422Z_xaji0y_s1,public_good_experiment_20260518T134422Z_xaji0y_19_public_good_experiment_20260518T134422Z_xaji0y_s1_questionnaire_r1,public_good_experiment_20260518T134422Z_xaji0y_19,19,public_good_experiment_20260518T134422Z_xaji0y_s1_questionnaire_r1_g19,public_good_experiment_20260518T134422Z_xaji0y_s1_questionnaire_r1,1,questionnaire,,,,,,,,,,,,,,,"{""comment"": ""Overall the instructions were clear and the game was interesting. I liked the repeated-round design and anonymity. A few suggestions: (1) show individual contributions (anonymized) in addition to the group total so participants can better assess others' behavior, (2) consider reporting final payoffs and a short debrief explaining the study goals/hypotheses at the end, and (3) vary the multiplier or endowment range across conditions to test robustness. Otherwise the experiment was straightforward and engaging."", ""speculation_score"": 0.05}"
public_good_experiment_20260518T134422Z_xaji0y_s1,public_good_experiment_20260518T134422Z_xaji0y_20_public_good_experiment_20260518T134422Z_xaji0y_s1_questionnaire_r1,public_good_experiment_20260518T134422Z_xaji0y_20,20,public_good_experiment_20260518T134422Z_xaji0y_s1_questionnaire_r1_g20,public_good_experiment_20260518T134422Z_xaji0y_s1_questionnaire_r1,1,questionnaire,,,,,,,,,,,,,,,"{""comment"": ""Overall the instructions were clear and the task was engaging. Seeing the group total each round made it easy to infer others’ behavior and I found myself responding to it (I increased my contributions as group contributions tended to be high, consistent with reciprocity). A few concrete suggestions: (1) make the payoff conversion to real currency explicit up front so the stakes feel clearer; (2) explicitly note that fractional earnings (e.g., .5) can occur and explain rounding or payment procedures; (3) include a brief comprehension check on how the multiplier and equal split work to avoid costly misunderstandings; (4) show a simple round-by-round table of my own choices, group total, and cumulative earnings within the interface for easier tracking; and (5) consider experimental variations (different multipliers, information about individual contributions, or optional messaging) to study mechanisms of cooperation and punishment. Finally, I appreciated the anonymity and repeated interactions—both made the decisions feel realistic—though reminding participants that identities stay anonymous might reduce any lingering social concerns."", ""speculation_score"": 0.1}"
public_good_experiment_20260518T134422Z_xaji0y_s1,public_good_experiment_20260518T134422Z_xaji0y_21_public_good_experiment_20260518T134422Z_xaji0y_s1_questionnaire_r1,public_good_experiment_20260518T134422Z_xaji0y_21,21,public_good_experiment_20260518T134422Z_xaji0y_s1_questionnaire_r1_g21,public_good_experiment_20260518T134422Z_xaji0y_s1_questionnaire_r1,1,questionnaire,,,,,,,,,,,,,,,"{""comment"": ""Instructions were clear and the task was straightforward. I noticed group contributions declined steadily across rounds (10 → 8 → 6 → 5 → 3), and I chose to keep my endowment each round (contributed 0), which reflects the strong individual incentive to free-ride given the payoff structure. The multiplier (2× split among 4) means each token contributed returns only 0.5 to each player, so contributing reduces your private payoff and encourages withholding. Suggestions: consider testing different multipliers or group sizes, allow (limited) communication or punishment/reward mechanisms, or provide more granular feedback about other players’ average contributions to explore interventions that promote cooperation. Overall the experiment is well-designed for studying public-good behavior and social dilemmas."", ""speculation_score"": 0.1}"
public_good_experiment_20260518T134422Z_xaji0y_s1,public_good_experiment_20260518T134422Z_xaji0y_22_public_good_experiment_20260518T134422Z_xaji0y_s1_questionnaire_r1,public_good_experiment_20260518T134422Z_xaji0y_22,22,public_good_experiment_20260518T134422Z_xaji0y_s1_questionnaire_r1_g22,public_good_experiment_20260518T134422Z_xaji0y_s1_questionnaire_r1,1,questionnaire,,,,,,,,,,,,,,,"{""comment"": ""This was a clear demonstration of a public-goods dilemma: contributing is good for the group but costly for each individual. With the public multiplier at 2.0 and four players, each token you contribute returns only 0.5 to you, so the private incentive is to keep tokens. The pattern of total contributions falling from 10 to 3 across rounds fits common dynamics (learning/reciprocity breakdown and increased free-riding). I tended to keep contributions low after seeing others contribute less. Suggestions: run conditions with different multipliers, allow (limited) communication or reputation mechanisms, or test sanctions/rewards to see how cooperation changes."", ""speculation_score"": 0.15}"
public_good_experiment_20260518T134422Z_xaji0y_s1,public_good_experiment_20260518T134422Z_xaji0y_23_public_good_experiment_20260518T134422Z_xaji0y_s1_questionnaire_r1,public_good_experiment_20260518T134422Z_xaji0y_23,23,public_good_experiment_20260518T134422Z_xaji0y_s1_questionnaire_r1_g23,public_good_experiment_20260518T134422Z_xaji0y_s1_questionnaire_r1,1,questionnaire,,,,,,,,,,,,,,,"{""comment"": ""Instructions were clear and the example was helpful. Over the five rounds I noticed group contributions declined (10, 8, 6, 5, 3), which looks like cooperation decreased over time—likely due to free-riding incentives given the payoff structure. Seeing the round totals and my earnings made the task engaging, but I felt limited in my ability to adapt strategy because I couldn't see individual contributions or know others' endowments."", ""suggestions"": [""Show individual (anonymized) contributions as well as the total so participants can condition behavior on others' actions."",""Clarify whether endowments are public or private each round (or allow both treatments) to study that effect."",""Test different multiplier values to see how returns to the public account affect cooperation."",""Include a treatment with allowed communication to compare effects on contributions."",""Provide a brief debrief after the experiment summarizing typical patterns and explanations for observed behavior.""], ""speculation_score"": 0.20}"
public_good_experiment_20260518T134422Z_xaji0y_s1,public_good_experiment_20260518T134422Z_xaji0y_24_public_good_experiment_20260518T134422Z_xaji0y_s1_questionnaire_r1,public_good_experiment_20260518T134422Z_xaji0y_24,24,public_good_experiment_20260518T134422Z_xaji0y_s1_questionnaire_r1_g24,public_good_experiment_20260518T134422Z_xaji0y_s1_questionnaire_r1,1,questionnaire,,,,,,,,,,,,,,,"{""comment"": ""Overall the instructions were clear and the example was helpful. I noticed a steady decline in the total group contributions across rounds, which made me less willing to contribute in later rounds — it felt like a standard public goods free-rider problem. It might be useful to (a) provide aggregated feedback about others’ average contributions over time (while keeping identities anonymous), (b) include a short debrief explaining how payoffs were calculated and how my choices compared to group averages, and (c) consider adding conditions that vary the multiplier or group size to explore robustness. I appreciated the straightforward interface and the opportunity to reflect on strategic versus cooperative motives."", ""speculation_score"": 0.05}"
